"","X","gene","baseMean","log2FoldChange","lfcSE","stat","pvalue","padj","cellType"
"1",1,"Xist",1.16517923801714,3.80795693840434,0.869196697776662,4.38100713928712,1.18132000084407e-05,0.0814756404582156,"AD-Serpinb7-Glut"
"2",2,"Uty",2.29248345520739,-4.43659550474034,0.999603115060877,-4.43835702179674,9.06481691269861e-06,0.0814756404582156,"AD-Serpinb7-Glut"
"3",1,"Xist",1.59254427807048,4.47282460400236,0.792245667413468,5.64575457838134,1.64458312067361e-08,0.000214354963948599,"ADP-MPO-Trp73-Glut"
"4",1,"Xist",14.2717018238477,6.86364459289241,0.612622707860714,11.203705812441,3.91026785775299e-29,8.60298031384236e-25,"AHN-Onecut3-Gaba"
"5",2,"Uty",14.3403222594455,-7.16383844537116,0.849023705090054,-8.43773666438597,3.23541547290432e-17,3.5591187909684e-13,"AHN-Onecut3-Gaba"
"6",3,"Eif2s3y",8.82885437745936,-6.32771380512812,0.863730129500354,-7.32603111667361,2.37068770264671e-13,1.73858333819768e-09,"AHN-Onecut3-Gaba"
"7",4,"Kdm5d",8.1361188397954,-5.67942274338844,0.866240581897214,-6.55640345428004,5.51209771578459e-11,3.03179154612442e-07,"AHN-Onecut3-Gaba"
"8",5,"Ddx3y",5.26494256757305,-5.15939344964394,0.867739173392226,-5.94578832885288,2.75129492591447e-09,1.21062479330089e-05,"AHN-Onecut3-Gaba"
"9",1,"Xist",24.1794745884574,7.86482959719711,0.641232522321391,12.2651757723155,1.39309659783373e-34,3.23532753880906e-30,"AHN-PVHd-PVR-Mixed-Gaba"
"10",2,"Uty",27.0925100826551,-8.04728730911711,0.845480133814522,-9.51800874706594,1.76529084597023e-21,2.04985573034064e-17,"AHN-PVHd-PVR-Mixed-Gaba"
"11",3,"Eif2s3y",15.5711809492102,-7.20743553042946,0.866313555301364,-8.31966149706871,8.82148837817391e-17,6.82900820315703e-13,"AHN-PVHd-PVR-Mixed-Gaba"
"12",4,"Kdm5d",9.73185101129015,-6.58010321037049,0.852156772487608,-7.72170499937696,1.14783807535004e-14,6.66434786548235e-11,"AHN-PVHd-PVR-Mixed-Gaba"
"13",5,"Ddx3y",6.6699572611894,-5.56182516812237,0.858921069913934,-6.47536236208489,9.45846725448121e-11,4.39326887036143e-07,"AHN-PVHd-PVR-Mixed-Gaba"
"14",6,"Tsix",1.21296182063165,4.06134410442423,0.842150423156068,4.82258750070304,1.41707832116804e-06,0.00548503782180109,"AHN-PVHd-PVR-Mixed-Gaba"
"15",1,"Xist",7.76263844207787,6.07982706642442,0.670477913126415,9.06790059358465,1.21332179536496e-19,2.68022784596119e-15,"ARC-Mixed-Glut"
"16",2,"Uty",3.75436662433615,-4.70280821230731,0.919643909245694,-5.11372735145348,3.1586317716344e-07,0.0034887087917702,"ARC-Mixed-Glut"
"17",3,"Eif2s3y",4.38270196168659,-4.40812855757516,0.90695386233427,-4.86036692784984,1.17168381404051e-06,0.00862749848405159,"ARC-Mixed-Glut"
"18",1,"Xist",6.70587953443173,6.37482460208471,0.650543878702226,9.79922309745177,1.13454886568747e-22,2.04695306347333e-18,"AV-Col27a1-Glut"
"19",2,"Uty",5.69180736925581,-6.35424087046168,0.866397063608595,-7.33409788347607,2.23219913310708e-13,2.0136668379759e-09,"AV-Col27a1-Glut"
"20",3,"Eif2s3y",3.27099576342143,-5.41792342130862,0.885066988196347,-6.12148401597223,9.27078201387443e-10,5.57544830314408e-06,"AV-Col27a1-Glut"
"21",4,"Kdm5d",1.53048938016066,-4.547448348541,0.965486013704553,-4.71000955372986,2.47705180002232e-06,0.0105958398182864,"AV-Col27a1-Glut"
"22",5,"Ddx3y",2.437040662287,-4.69988354291793,1.0052761351105,-4.67521646915583,2.93643715172554e-06,0.0105958398182864,"AV-Col27a1-Glut"
"23",1,"Xist",5.39866080014782,6.10251626260517,0.669491193309635,9.11515539500576,7.85578114882853e-20,1.46274644991187e-15,"Chat-GABA"
"24",2,"Uty",6.00936300353452,-5.65323661313463,0.815066237132186,-6.93592294170541,4.03577554070606e-12,3.75730702839734e-08,"Chat-GABA"
"25",3,"Eif2s3y",3.74980283591863,-5.23767629882065,0.920762922232857,-5.68840922277718,1.28228244826413e-08,7.95869972889271e-05,"Chat-GABA"
"26",1,"Xist",33.480894821474,7.95588446181905,0.595235804908199,13.3659373246978,9.56228157634306e-41,2.28748899869279e-36,"DMH-Gaba"
"27",2,"Uty",36.6266552109252,-8.30874842854159,0.840118792579143,-9.88996854008461,4.60172496518805e-23,5.50412323086143e-19,"DMH-Gaba"
"28",3,"Eif2s3y",19.1612735302112,-7.35063248484296,0.841610861491594,-8.73400382667992,2.45812794549951e-18,1.96011122374131e-14,"DMH-Gaba"
"29",4,"Kdm5d",16.243691125741,-5.44369481984525,0.686671019699038,-7.92766064633276,2.23312541254217e-15,1.33552065297084e-11,"DMH-Gaba"
"30",5,"Ddx3y",8.8854790732351,-5.805799262324,0.846045304097138,-6.86227940065182,6.77703458817595e-12,3.2424044283669e-08,"DMH-Gaba"
"31",6,"Tsix",1.41051372942086,3.45399464654321,0.755400997331826,4.5723988434529,4.8217201871404e-06,0.0192241983861288,"DMH-Gaba"
"32",1,"Xist",6.37116623187234,6.42339281951902,0.666489478842659,9.6376507408235,5.54422470596463e-22,1.05307004065092e-17,"DMH-Hmx2-Vgll1-Glut"
"33",2,"Uty",6.2342034626242,-5.84571558939609,0.841642657405687,-6.94560278992412,3.76847715816939e-12,3.57892275711347e-08,"DMH-Hmx2-Vgll1-Glut"
"34",3,"Kdm5d",2.17663381454235,-4.48852299895618,0.904805465685731,-4.96076026193589,7.02178105887622e-07,0.00344702150962815,"DMH-Hmx2-Vgll1-Glut"
"35",4,"Eif2s3y",2.47661187093356,-4.28746367162441,0.865402822473837,-4.95429823000609,7.25917976124703e-07,0.00344702150962815,"DMH-Hmx2-Vgll1-Glut"
"36",5,"Ddx3y",2.64411737923163,-3.54233268043807,0.793049216813411,-4.46672489592977,7.94261600084329e-06,0.0301724096640035,"DMH-Hmx2-Vgll1-Glut"
"37",1,"Xist",2.61727092372133,4.66428463717132,0.692895187722247,6.73158757604338,1.67821772096898e-11,2.84894240311694e-07,"GPe-SI-Sox6-Cyp26b1-Gaba"
"38",2,"Uty",4.58498120513153,-5.26726313783918,0.84211734103372,-6.2547852670668,3.98063228362114e-10,3.37876068233763e-06,"GPe-SI-Sox6-Cyp26b1-Gaba"
"39",1,"Xist",2.7357163111053,5.62935806665335,0.834118542927087,6.74887054650388,1.49000452701082e-11,2.34541612596773e-07,"GPi-Tbr1-Cngb3-Gaba-Glut"
"40",2,"Uty",5.32321266717871,-5.28880416401668,0.959261101755152,-5.5134146004042,3.51937844702184e-08,0.000276992680672854,"GPi-Tbr1-Cngb3-Gaba-Glut"
"41",3,"Eif2s3y",3.17419148389249,-4.51748687253201,1.02118801582945,-4.42375625497596,9.69994538800108e-06,0.0508956134508417,"GPi-Tbr1-Cngb3-Gaba-Glut"
"42",1,"Xist",3.29614487264218,5.74750386234514,0.981165797173424,5.85783144795992,4.68950236686709e-09,7.8188072962775e-05,"Hist-Gaba"
"43",2,"Uty",5.55375933931678,-4.83960369408309,0.905912367321139,-5.34224265907112,9.18036474469154e-08,0.00076532110694121,"Hist-Gaba"
"44",1,"Xist",6.68886240780242,7.30653559197661,0.971785858069036,7.51866836845608,5.53369504846886e-14,8.98782749772312e-10,"HY-NSCs-1"
"45",1,"Xist",8.03972756631808,7.19696532373359,0.806625251535001,8.92231592060604,4.56637462232721e-19,9.53550348634369e-15,"HY-NSCs-2"
"46",2,"Uty",8.680574169762,-5.05287517174499,0.928531431776385,-5.44179227414873,5.27471623647048e-08,0.000550733122249883,"HY-NSCs-2"
"47",3,"Eif2s3y",6.13937837446113,-4.58602459216646,0.940164214876971,-4.87789741366255,1.07222662136869e-06,0.00746341210247369,"HY-NSCs-2"
"48",1,"Uty",3.06059730323692,-5.67359474029568,1.04666332756443,-5.42064921057095,5.93829837906338e-08,0.000961351124586571,"LH-MH-Glut"
"49",2,"Xist",1.13351473471125,3.89055490837313,0.787513696736234,4.9403012601522,7.80019606149919e-07,0.00631386870198052,"LH-MH-Glut"
"50",1,"Xist",1.29073269423645,4.3209045767622,0.927609373975038,4.65810792558731,3.19128903408005e-06,0.0461045526753545,"LHA-Pmch-Glut"
"51",1,"Xist",2.90038181843155,5.84936525779188,0.720421034207679,8.11937045150969,4.68608094448565e-16,7.1856365202743e-12,"Lhx6-Gaba"
"52",2,"Uty",3.25794539630115,-4.38304071073546,0.883548824501648,-4.96072270053401,7.02313910633547e-07,0.0053846407528274,"Lhx6-Gaba"
"53",1,"Xist",16.9609530967532,8.02134308179418,0.644012408654891,12.455261690606,1.30921341792854e-35,2.86089316085745e-31,"Lhx6-Lhx8-Gaba"
"54",2,"Uty",15.5167812039502,-6.67632380818706,0.825586771777582,-8.08676209020668,6.12717849798877e-16,6.69455522690253e-12,"Lhx6-Lhx8-Gaba"
"55",3,"Eif2s3y",8.54131255501434,-6.22322397547726,0.850334783954321,-7.31855745867214,2.50650696666564e-13,1.82573967451925e-09,"Lhx6-Lhx8-Gaba"
"56",4,"Kdm5d",4.80010307237324,-4.94299069760263,0.848944449553805,-5.82251371123352,5.79690423086827e-09,3.16684878132333e-05,"Lhx6-Lhx8-Gaba"
"57",5,"Ddx3y",3.20208577128576,-4.89976232591325,0.874191000852947,-5.60491050712323,2.08362594579489e-08,9.10627883350199e-05,"Lhx6-Lhx8-Gaba"
"58",1,"Xist",70.1132519069374,9.18724294975088,0.610315683944074,15.0532637312869,3.28614022741653e-51,8.80652719545355e-47,"Mixed"
"59",2,"Uty",63.5556535221892,-6.50974705182593,0.514600518363811,-12.6500981237327,1.11735185700812e-36,1.49719562079803e-32,"Mixed"
"60",3,"Eif2s3y",35.0696102211275,-7.37379244371702,0.796628593321026,-9.2562487783382,2.11740602191485e-20,1.89147879937654e-16,"Mixed"
"61",4,"Kdm5d",26.4022882647428,-6.54242921783819,0.7445527947571,-8.78705884110281,1.53526378348494e-18,1.02858835334032e-14,"Mixed"
"62",5,"Ddx3y",18.2672467756439,-5.98762037269028,0.752792749436274,-7.95387625236042,1.80764689277729e-15,9.68862581590774e-12,"Mixed"
"63",6,"Tsix",3.72631611079838,3.16333183756346,0.557687947607115,5.67222557191067,1.40954206512478e-08,6.29571963387981e-05,"Mixed"
"64",7,"Kdm6a",89.1851759697607,0.53700910901806,0.101275127092468,5.30247775969465,1.14241388132375e-07,0.000437364994365647,"Mixed"
"65",1,"Xist",32.1661667802622,8.53373159419023,0.650713107513265,13.1144301469542,2.72220689816864e-39,6.48810792109513e-35,"Mixed-Meis2-Gaba"
"66",2,"Uty",25.7143978362444,-8.0187105406816,0.842020480154137,-9.52317755883292,1.6796303960686e-21,2.00161554299495e-17,"Mixed-Meis2-Gaba"
"67",3,"Eif2s3y",16.1405444456328,-6.89026198904134,0.846234882303316,-8.14225711221824,3.87976264095387e-16,3.08234209281648e-12,"Mixed-Meis2-Gaba"
"68",4,"Kdm5d",7.58179548070011,-6.31135663236797,0.861143028995002,-7.32904572163076,2.31797302328329e-13,1.38116422592335e-09,"Mixed-Meis2-Gaba"
"69",5,"Ddx3y",5.98787530751984,-5.42207117906157,0.895403797562878,-6.05544804904718,1.40027361574634e-09,6.67482427153966e-06,"Mixed-Meis2-Gaba"
"70",1,"Xist",9.93731562853482,6.53897016131438,0.596794751494355,10.9568157979624,6.16297932513159e-28,1.40164638791468e-23,"NDB-SI-MA-STRv-Lhx8-Gaba"
"71",2,"Uty",15.5366381702454,-6.65380899312282,0.766436449263871,-8.68148820363843,3.90623579371866e-18,4.44197603282717e-14,"NDB-SI-MA-STRv-Lhx8-Gaba"
"72",3,"Eif2s3y",8.17938797316111,-6.50672151629687,0.852576456654538,-7.63183344497792,2.3143832441271e-14,1.75453393737276e-10,"NDB-SI-MA-STRv-Lhx8-Gaba"
"73",4,"Kdm5d",3.46858655470669,-5.4403702969148,0.897892594064435,-6.05904351241857,1.36933350698258e-09,7.78568798732622e-06,"NDB-SI-MA-STRv-Lhx8-Gaba"
"74",5,"Ddx3y",3.99412439727332,-4.89875183195307,0.86313869561865,-5.6755094596262,1.38276501683502e-08,6.28964495557577e-05,"NDB-SI-MA-STRv-Lhx8-Gaba"
"75",6,"Ntm",201.886126905486,0.506961482330538,0.100481750895174,5.04530900202385,4.5278900590642e-07,0.00171629672688828,"NDB-SI-MA-STRv-Lhx8-Gaba"
"76",1,"Uty",10.2486307377232,-6.03300893012184,0.734117300342501,-8.21804489188192,2.06847543640959e-16,4.4966587512108e-12,"PF-Fzd5-Glut"
"77",2,"Eif2s3y",6.86804883998551,-5.08442028049954,0.723971296876064,-7.02295837202223,2.17218946756527e-12,2.36106134177007e-08,"PF-Fzd5-Glut"
"78",3,"Kdm5d",2.97710510234616,-3.78855347251706,0.773881447828376,-4.89552176647766,9.80452383594429e-07,0.00710468478898643,"PF-Fzd5-Glut"
"79",4,"Xist",4.30007300837428,5.93811234187897,1.26058513367664,4.71060000887031,2.46988562292779e-06,0.0107385687113655,"PF-Fzd5-Glut"
"80",5,"Ddx3y",2.95331198077205,-4.00139417717122,0.844432226465507,-4.73856166517902,2.15240531511212e-06,0.0107385687113655,"PF-Fzd5-Glut"
"81",1,"Xist",4.09626405106087,5.43664426109012,0.639521407884195,8.50111379238549,1.877801824103e-17,3.69344840782819e-13,"PH-LHA-MM-Foxb1-Glut"
"82",2,"Uty",6.4792271996382,-5.69287849233967,0.783562108455428,-7.26538257900395,3.7198393902087e-13,3.65827604830075e-09,"PH-LHA-MM-Foxb1-Glut"
"83",3,"Eif2s3y",3.84157880414816,-5.31187990061991,0.865585407663439,-6.13674844052512,8.42275999073841e-10,5.52224220859446e-06,"PH-LHA-MM-Foxb1-Glut"
"84",4,"Kdm5d",2.84171151624452,-4.66072627850231,0.875060890004489,-5.32617367744364,1.00303229315455e-07,0.000493216054351421,"PH-LHA-MM-Foxb1-Glut"
"85",1,"Xist",24.0489422782966,6.945404066775,0.54406119103986,12.7658509394877,2.54355691404637e-37,6.06790937414902e-33,"PH-LHA-PVH-SO-PVa-Nxph4-Glut"
"86",2,"Uty",26.6639993193992,-7.4134646365274,0.771103816239823,-9.6140940822704,6.97203555321165e-22,8.31624400787086e-18,"PH-LHA-PVH-SO-PVa-Nxph4-Glut"
"87",3,"Eif2s3y",15.7747374339023,-7.03130299623581,0.832790735541107,-8.44306101900522,3.09133623707772e-17,2.4582305757242e-13,"PH-LHA-PVH-SO-PVa-Nxph4-Glut"
"88",4,"Kdm5d",10.2286269936096,-6.4684522767504,0.8305529855239,-7.78812717489686,6.80097109171951e-15,4.05609915910151e-11,"PH-LHA-PVH-SO-PVa-Nxph4-Glut"
"89",5,"Ddx3y",8.81518529438851,-5.40308181227061,0.748984124081034,-7.21388029272306,5.43795653445247e-13,2.59455782171796e-09,"PH-LHA-PVH-SO-PVa-Nxph4-Glut"
"90",1,"Xist",5.48271667831502,6.05770545862885,0.655943245997192,9.2351060790628,2.58030211736418e-20,5.52210456137109e-16,"Pitx2-Glut"
"91",2,"Uty",6.05802024434918,-5.47168550888305,0.695353866474659,-7.86892224619917,3.57709395622408e-15,3.82766938785758e-11,"Pitx2-Glut"
"92",3,"Eif2s3y",2.76074952521139,-4.62129263167005,0.783237032817318,-5.90024786627769,3.62955884467801e-09,2.58920629449847e-05,"Pitx2-Glut"
"93",4,"Kdm5d",2.13965105288136,-4.16329236590733,0.797378218500294,-5.22122660152122,1.77741888536499e-07,0.000950963539142404,"Pitx2-Glut"
"94",5,"Ddx3y",2.43806451835919,-3.85303114443122,0.746260960613025,-5.16311497959924,2.42873849811801e-07,0.00103954865196447,"Pitx2-Glut"
"95",1,"Xist",16.8265430917571,7.66877447429284,0.610718879605107,12.556963163234,3.64038769507615e-36,8.76168510450929e-32,"PO-CEA-BST-Meis2-Gaba"
"96",2,"Uty",19.5637344461165,-6.16135916106011,0.713838684633664,-8.63130465424702,6.06560854671667e-18,7.29935332511884e-14,"PO-CEA-BST-Meis2-Gaba"
"97",3,"Eif2s3y",12.960218992458,-6.7721718540345,0.84292713324968,-8.03411301748729,9.42582818288624e-16,7.56202775685687e-12,"PO-CEA-BST-Meis2-Gaba"
"98",4,"Kdm5d",10.2556219219311,-5.96230911572882,0.822512072539564,-7.24890164507831,4.20164844785407e-13,2.5281318710738e-09,"PO-CEA-BST-Meis2-Gaba"
"99",5,"Ddx3y",4.83453794535583,-5.44992151810304,0.883816915504037,-6.16634669748878,6.988576907939e-10,3.36402138040552e-06,"PO-CEA-BST-Meis2-Gaba"
"100",6,"Kdm6a",23.1641780960404,0.791604406630801,0.173204747563464,4.57033896452953,4.86935972772316e-06,0.0195326249878068,"PO-CEA-BST-Meis2-Gaba"
"101",7,"Trpm3",238.589836280431,0.449940608579722,0.102167570089812,4.40394743835246,1.0629870832068e-05,0.0365485330266017,"PO-CEA-BST-Meis2-Gaba"
"102",1,"Xist",3.13323745607847,5.71749127584617,0.664833559417156,8.59988367744036,7.97969364670513e-18,1.52906889658164e-13,"PO-COAa-PAA-MEA-Barhl2-Glut"
"103",2,"Uty",6.07398950797165,-4.88150331646144,0.872169326777325,-5.5969674311967,2.18133665417791e-08,0.000208993864836786,"PO-COAa-PAA-MEA-Barhl2-Glut"
"104",3,"Meis1",17.9280779696,-1.14385791976193,0.257504241150541,-4.44209351524123,8.90878236147238e-06,0.0562306383795378,"PO-COAa-PAA-MEA-Barhl2-Glut"
"105",4,"Eif2s3y",2.80098146258139,-3.99456836055901,0.911502621135329,-4.38239920317897,1.17379476838613e-05,0.0562306383795378,"PO-COAa-PAA-MEA-Barhl2-Glut"
"106",1,"Xist",24.8005091036364,7.92102623581798,0.583620603379632,13.5722183040641,5.85236481468284e-42,1.37056531595057e-37,"PO-MEA-BST-Mixed-Gaba"
"107",2,"Uty",22.6070053040177,-6.56900502026146,0.790200408541635,-8.31308735006222,9.32438319279686e-17,1.09183864996055e-12,"PO-MEA-BST-Mixed-Gaba"
"108",3,"Eif2s3y",16.4348313012327,-6.49350832680888,0.82538110052478,-7.86728497015535,3.62420458138143e-15,2.82917490304572e-11,"PO-MEA-BST-Mixed-Gaba"
"109",4,"Kdm5d",9.56338640420613,-5.73618396034137,0.834112656442257,-6.87698947622726,6.11306243681323e-12,3.57904523019322e-08,"PO-MEA-BST-Mixed-Gaba"
"110",5,"Ddx3y",6.75128671192444,-5.22632914500135,0.838721816094528,-6.23130225625646,4.62573624382499e-10,2.16660234188275e-06,"PO-MEA-BST-Mixed-Gaba"
"111",6,"Kcnmb2",18.2839217994796,1.31046619172664,0.229783629733826,5.7030441778844,1.17686464928139e-08,4.59349887025346e-05,"PO-MEA-BST-Mixed-Gaba"
"112",7,"Esr1",17.6669311332765,1.40944390531655,0.290993119447888,4.84356437014985,1.2753037917591e-06,0.00426661992845804,"PO-MEA-BST-Mixed-Gaba"
"113",8,"Greb1",16.3127037749254,-1.76697277349226,0.415201090899055,-4.25570359091819,2.08392637111429e-05,0.0610043396064069,"PO-MEA-BST-Mixed-Gaba"
"114",1,"Xist",9.03964663397539,7.0355810278771,0.61545775375501,11.4314605429079,2.91169645898239e-30,5.84930701644973e-26,"PO-MEA-Glut"
"115",2,"Uty",6.95424406632891,-4.36397390742513,0.787952110582587,-5.53837453928329,3.05291827682014e-08,0.000306650376315199,"PO-MEA-Glut"
"116",3,"Eif2s3y",4.58333801773526,-4.16931931768192,0.825910183041606,-5.04815100151378,4.46106497445989e-07,0.00298727780906416,"PO-MEA-Glut"
"117",4,"Nxph1",38.4355986359652,0.940643806129541,0.217848360113737,4.31788334618833,1.57532647320345e-05,0.0677340277534622,"PO-MEA-Glut"
"118",5,"Kdm5d",3.29857166850931,-3.70444895488766,0.860921218350035,-4.30288959771171,1.68584866726722e-05,0.0677340277534622,"PO-MEA-Glut"
"119",6,"Mid1",4.41230721672795,1.59203658351617,0.376286012335495,4.23092151003667,2.32735879328717e-05,0.0779238513305767,"PO-MEA-Glut"
"120",1,"Xist",22.2421111547466,8.74478281343056,0.795011406245575,10.9995689932647,3.83962702101127e-28,8.30165758212847e-24,"PO-MEA-Slc17a7-Glut"
"121",2,"Uty",20.2095208212483,-7.29724729801222,1.206280529395,-6.04937833297541,1.45405827547666e-09,1.57190969870405e-05,"PO-MEA-Slc17a7-Glut"
"122",3,"Eif2s3y",14.0281114926817,-6.84656398714358,1.21678186082537,-5.6267801218695,1.83604519637028e-08,0.000132323777302406,"PO-MEA-Slc17a7-Glut"
"123",1,"Xist",9.47861668535447,6.80350469837489,0.67180515473101,10.1271993084051,4.18463614896639e-24,8.48853442817833e-20,"PV-PT-Ntrk1-Sp9-Glut"
"124",2,"Uty",13.1995031614929,-6.94620657852586,0.851445203219448,-8.15813695615543,3.4023160777994e-16,3.45079908190804e-12,"PV-PT-Ntrk1-Sp9-Glut"
"125",3,"Eif2s3y",6.79276856451869,-6.06779942657766,0.870813034674761,-6.96797037362207,3.21545914740402e-12,2.17418629350302e-08,"PV-PT-Ntrk1-Sp9-Glut"
"126",4,"Kdm5d",5.3877376008508,-4.79074648516745,0.871313568243252,-5.49830354969288,3.83462420361601e-08,0.000194463379925877,"PV-PT-Ntrk1-Sp9-Glut"
"127",5,"Ddx3y",2.80397368812056,-4.9082076627967,0.90056427150919,-5.45014700013736,5.03282033820681e-08,0.00020418152112105,"PV-PT-Ntrk1-Sp9-Glut"
"128",1,"Xist",2.72113185687202,5.48281301622812,0.823923235000989,6.65451923591102,2.84227581910505e-11,3.93001477507656e-07,"PVH-SO-PVa-Agtr1a-Glut"
"129",2,"Uty",2.40076188019177,-4.27647542847241,0.906166496025594,-4.71930428594397,2.36652605364065e-06,0.0163609778718446,"PVH-SO-PVa-Agtr1a-Glut"
"130",1,"Xist",6.65886909063696,6.49717538285846,0.685901339246181,9.47246347411856,2.73320330644826e-21,4.96404384517134e-17,"PVH-SO-PVa-Avp-Glut"
"131",2,"Uty",7.38648903651947,-6.22187025725697,0.862994141680453,-7.20963208990216,5.61032519524517e-13,5.09473630980213e-09,"PVH-SO-PVa-Avp-Glut"
"132",3,"Eif2s3y",3.35111692965761,-5.32052721864288,0.896908481320175,-5.93207370590532,2.9913227547085e-09,1.81094679570053e-05,"PVH-SO-PVa-Avp-Glut"
"133",4,"Kdm5d",2.10542134125586,-4.67458555586374,0.951163472781536,-4.91459742686881,8.89650759571564e-07,0.00403945927383468,"PVH-SO-PVa-Avp-Glut"
"134",5,"Ddx3y",2.02253147813302,-4.31245797583554,0.952152310067945,-4.52916821209813,5.92163424601566e-06,0.0215097442352273,"PVH-SO-PVa-Avp-Glut"
"135",1,"Xist",2.51568580977148,5.30959522651355,0.967869578906614,5.48585815922814,4.1146696350122e-08,0.000626540745323307,"PVN-Mixed-Glut"
"136",1,"Xist",3.27205701720353,5.0616556501577,0.671181170780368,7.54141485267327,4.64899581965583e-14,9.44815420428653e-10,"PVpo-VMPO-MPN-Hmx2-Gaba"
"137",2,"Uty",6.58353436547254,-5.95632185259874,0.809783870895852,-7.35544639338068,1.9029011291713e-13,1.93363298240742e-09,"PVpo-VMPO-MPN-Hmx2-Gaba"
"138",3,"Eif2s3y",3.16136126811219,-4.38773755889046,0.748628536810556,-5.86103433564515,4.59992840892667e-09,3.11614483515389e-05,"PVpo-VMPO-MPN-Hmx2-Gaba"
"139",4,"Kdm5d",4.04355078639338,-4.63238524257139,0.907198696736901,-5.10625209144766,3.28611237103311e-07,0.00166959154291265,"PVpo-VMPO-MPN-Hmx2-Gaba"
"140",5,"Ddx3y",2.48735063330326,-4.03535994339796,0.828968614591761,-4.86792849857801,1.12774115245619e-06,0.00458381668827343,"PVpo-VMPO-MPN-Hmx2-Gaba"
"141",1,"Xist",18.8929023658196,7.68822227308072,0.643980010817928,11.9386039068446,7.44625237303645e-33,1.62246392956091e-28,"RE-Xi-Nox4-Glut"
"142",2,"Eif2s3y",13.6787973367623,-6.74428206642078,0.852561015374179,-7.91061512877268,2.56120192708333e-15,2.41997623627771e-11,"RE-Xi-Nox4-Glut"
"143",3,"Uty",18.3836958964711,-6.6774348409891,0.847626730282504,-7.8778011622682,3.33192377292814e-15,2.41997623627771e-11,"RE-Xi-Nox4-Glut"
"144",4,"Kdm5d",6.55768874088023,-5.67159611658365,0.870851151205431,-6.51270439125335,7.38096781625312e-11,4.02059769370848e-07,"RE-Xi-Nox4-Glut"
"145",5,"Ddx3y",4.8087842944353,-4.68438682372193,0.893842036756384,-5.24073228947796,1.59940610925872e-07,0.000696989194292766,"RE-Xi-Nox4-Glut"
"146",1,"Xist",1.47311424436961,4.67691504608948,0.857771677025742,5.45240087934161,4.96942727077394e-08,0.000771404195242238,"RT-ZI-Gnb3-Gaba-1"
"147",2,"Uty",3.29348181178182,-4.31862136483088,0.884425060543686,-4.88297036967279,1.04499578898035e-06,0.00811073481617095,"RT-ZI-Gnb3-Gaba-1"
"148",3,"Trpm3",91.9089891697388,0.90149410047337,0.190670844425568,4.72801231456908,2.26728437181138e-06,0.0117316851012094,"RT-ZI-Gnb3-Gaba-1"
"149",4,"Eif2s3y",2.05592621055245,-4.16811307423168,0.928560117112343,-4.48879183740281,7.16282469965611e-06,0.0277971319531905,"RT-ZI-Gnb3-Gaba-1"
"150",1,"Xist",32.6358359616185,7.84101557183871,0.598111044503933,13.1096318048131,2.9000289885634e-39,7.28052277578842e-35,"RT-ZI-Gnb3-Gaba-2"
"151",2,"Uty",51.1541170362999,-7.93667556354964,0.81592478208759,-9.72721473570542,2.30826645843838e-22,2.89745147195477e-18,"RT-ZI-Gnb3-Gaba-2"
"152",3,"Eif2s3y",25.0280879182169,-7.89356878590085,0.843746904935302,-9.35537510090911,8.33035997148154e-21,6.97112290280147e-17,"RT-ZI-Gnb3-Gaba-2"
"153",4,"Kdm5d",13.2517290788459,-6.51612546716252,0.846755742659354,-7.69540156491614,1.41050483903107e-14,8.85268099596878e-11,"RT-ZI-Gnb3-Gaba-2"
"154",5,"Ddx3y",9.64749602497467,-6.03167663575403,0.864034582853134,-6.98082779955033,2.93445817502678e-12,1.47339144968094e-08,"RT-ZI-Gnb3-Gaba-2"
"155",6,"Kdm6a",42.7503012921799,0.681232373231265,0.13670594100076,4.98319508460481,6.2542836983095e-07,0.00261689653743433,"RT-ZI-Gnb3-Gaba-2"
"156",7,"Tsix",1.21772871802557,3.91988980459605,0.844888781590399,4.63953349838228,3.49196532136947e-06,0.0125236841989972,"RT-ZI-Gnb3-Gaba-2"
"157",1,"Xist",7.24876043925992,6.31014590373203,0.722851446358775,8.72951964821842,2.55756523068878e-18,4.0235616209196e-14,"SCH-Six6-Cdc14a-Gaba"
"158",2,"Uty",4.661210383079,-5.72274724485012,0.952175704903236,-6.01017986006237,1.85317614720442e-09,1.457708357391e-05,"SCH-Six6-Cdc14a-Gaba"
"159",3,"Cntnap2",87.8755343473583,0.672509584855993,0.157525530328828,4.26921009852915,1.9616642779572e-05,0.0771522560520567,"SCH-Six6-Cdc14a-Gaba"
"160",4,"Eif2s3y",1.93439982921254,-4.31698410584235,0.99939114484661,-4.31961412516311,1.56302261883976e-05,0.0771522560520567,"SCH-Six6-Cdc14a-Gaba"
"161",1,"Xist",14.6718211952624,7.60176927238586,0.642043624627752,11.8399575679819,2.42575659391838e-32,5.45601173104122e-28,"SI-MA-LPO-LHA-Skor1-Glut"
"162",2,"Uty",17.5750405899702,-7.66892116887611,0.849467174214229,-9.02791938484261,1.74966651227956e-19,1.96767495970959e-15,"SI-MA-LPO-LHA-Skor1-Glut"
"163",3,"Eif2s3y",9.43085235437263,-6.75366475604956,0.856247053777367,-7.88751882561873,3.08253662833023e-15,2.31108046148012e-11,"SI-MA-LPO-LHA-Skor1-Glut"
"164",4,"Kdm5d",6.43061334634182,-6.12988902711947,0.873557209772839,-7.01715807338307,2.26426397604561e-12,1.27319563373045e-08,"SI-MA-LPO-LHA-Skor1-Glut"
"165",5,"Ddx3y",3.86522281055658,-5.08878634718644,0.892497529750041,-5.7017371786022,1.18592579704173e-08,5.33476860541254e-05,"SI-MA-LPO-LHA-Skor1-Glut"
"166",1,"Xist",3.34152728703348,5.20607309702351,0.664770013314612,7.83138979308873,4.82506190164701e-15,9.05278113987013e-11,"SI-MPO-LPO-ADP-Lhx8-Gaba"
"167",2,"Uty",5.81467941659623,-5.61285426744956,0.757286872870826,-7.41179395619468,1.24602244797465e-13,1.16889365844501e-09,"SI-MPO-LPO-ADP-Lhx8-Gaba"
"168",3,"Eif2s3y",2.39852786347577,-5.10575872247756,0.823770305179331,-6.1980368682579,5.71717506365123e-10,3.57552128480748e-06,"SI-MPO-LPO-ADP-Lhx8-Gaba"
"169",4,"Kdm5d",2.11826904920853,-4.34497457479433,0.789942655383574,-5.50036707751214,3.79001379603625e-08,0.00017777059710308,"SI-MPO-LPO-ADP-Lhx8-Gaba"
"170",5,"Ddx3y",1.3174290563981,-3.82894176173519,0.868859851953697,-4.40685773790275,1.04881022911877e-05,0.0393555550374527,"SI-MPO-LPO-ADP-Lhx8-Gaba"
"171",1,"Xist",3.07252745640813,5.30772140865043,0.78631180007899,6.7501484883188,1.47693923608797e-11,2.6930510030828e-07,"STN-PSTN-Pitx2-Glut"
"172",2,"Uty",9.17058450876607,-5.8113008331601,0.939761890563776,-6.18380133469109,6.25761109598236e-10,5.70506403620711e-06,"STN-PSTN-Pitx2-Glut"
"173",3,"Eif2s3y",4.65149299134552,-5.61894026552731,1.05456684990506,-5.32819732199356,9.91923284005625e-08,0.000602890972018619,"STN-PSTN-Pitx2-Glut"
"174",1,"Xist",45.9324865828088,7.9775210311702,0.465447702881895,17.1394573048188,7.535065691667e-66,1.94284133793942e-61,"STR-D1-D2-Gaba"
"175",2,"Uty",26.3584513950946,-6.74081565383256,0.599783702542774,-11.2387442760698,2.6309805460414e-29,3.39186011995657e-25,"STR-D1-D2-Gaba"
"176",3,"Eif2s3y",14.8730132982043,-7.55146415286536,0.810268036276303,-9.31971127427059,1.16657316339377e-20,1.00263074816483e-16,"STR-D1-D2-Gaba"
"177",4,"Kdm5d",10.1745357028908,-6.22244033511014,0.733600878944754,-8.48205136294383,2.21257847668961e-17,1.42622808607412e-13,"STR-D1-D2-Gaba"
"178",5,"Ddx3y",5.94332118997088,-5.04819808386429,0.70987277156096,-7.11141247573654,1.14861293505754e-12,5.92316718350471e-09,"STR-D1-D2-Gaba"
"179",6,"Tsix",2.21605638934227,3.07449792226554,0.62756727529736,4.89907304489188,9.62898451106479e-07,0.00413789561055491,"STR-D1-D2-Gaba"
"180",1,"Xist",28.0057902822205,7.46383373130533,0.531786333041953,14.0353996850771,9.46612383806976e-45,2.141142550933e-40,"STR-D1-Gaba"
"181",2,"Uty",18.127079386634,-6.69310306061544,0.736911965010192,-9.08263588924475,1.05976657812553e-19,1.19854301153107e-15,"STR-D1-Gaba"
"182",3,"Kdm5d",7.48232719189788,-6.29511694484089,0.849874545481596,-7.40711317724389,1.29078301364103e-13,7.29905524638663e-10,"STR-D1-Gaba"
"183",4,"Eif2s3y",7.68265933097684,-5.97039122231022,0.805576346535863,-7.41132885540158,1.25040089004274e-13,7.29905524638663e-10,"STR-D1-Gaba"
"184",5,"Ddx3y",3.50117722769844,-5.09622735844194,0.876669198157986,-5.81317031458374,6.13006360323341e-09,2.77311817283073e-05,"STR-D1-Gaba"
"185",1,"Xist",16.3380809840735,7.59643393427729,0.592458677708269,12.8218797700147,1.23665571884081e-37,2.59376170469671e-33,"STR-PAL-Chst9-Gaba"
"186",2,"Uty",7.92514310887145,-5.8910555339572,0.818776824476942,-7.19494660553023,6.24852127872113e-13,6.55282426499485e-09,"STR-PAL-Chst9-Gaba"
"187",3,"Eif2s3y",5.54017380822864,-5.48227678610319,0.827402313635525,-6.62589008485437,3.4516194302026e-11,2.41314219763564e-07,"STR-PAL-Chst9-Gaba"
"188",4,"Kdm5d",3.29176173531142,-4.77233432871006,0.845660323251842,-5.64332297199289,1.66799023731517e-08,8.74610680936211e-05,"STR-PAL-Chst9-Gaba"
"189",5,"Ddx3y",1.92581872699705,-4.04656218381566,0.894351523858401,-4.5245768312196,6.05164663385684e-06,0.0253854472997027,"STR-PAL-Chst9-Gaba"
"190",1,"Uty",2.75181723966715,-4.52560814468784,0.803772953097884,-5.63045587344703,1.79733922045192e-08,0.000303642487903147,"TH-Prkcd-Grin2c-Glut-1"
"191",2,"Eif2s3y",2.13609826590286,-3.93112384739185,0.833720137818776,-4.71516000282381,2.41520880009744e-06,0.020401268734423,"TH-Prkcd-Grin2c-Glut-1"
"192",1,"Xist",32.8806600567379,8.23929073436262,0.617025603077904,13.3532396277604,1.1340750237565e-40,2.72608954210587e-36,"TH-Prkcd-Grin2c-Glut-2"
"193",2,"Uty",45.8266040549763,-8.05798818484682,0.902451911573236,-8.92899453312631,4.29898114875092e-19,5.16694544268373e-15,"TH-Prkcd-Grin2c-Glut-2"
"194",3,"Eif2s3y",24.6890300759876,-7.22573019356631,0.907807155077457,-7.95954311788806,1.72675690505525e-15,1.38359274945727e-11,"TH-Prkcd-Grin2c-Glut-2"
"195",4,"Ddx3y",9.58679843011094,-5.81863116681298,0.915785395148631,-6.35370600758339,2.10188372751949e-10,1.26312702605284e-06,"TH-Prkcd-Grin2c-Glut-2"
"196",5,"Kdm5d",9.46935136768011,-5.75030542780561,0.926742776695749,-6.204855945366,5.47470275237422e-10,2.63201809523143e-06,"TH-Prkcd-Grin2c-Glut-2"
"197",6,"Tsix",1.22332294646832,4.31155780034633,0.876876983470294,4.91694716775787,8.79042626720403e-07,0.00352173777685084,"TH-Prkcd-Grin2c-Glut-2"
"198",1,"Xist",45.761774424043,8.08621718854679,0.558694496570245,14.4734147878439,1.78391189364591e-47,4.69828875429522e-43,"TH-Prkcd-Grin2c-Glut-3"
"199",2,"Uty",61.1976028653495,-7.56772627360979,0.680765170423769,-11.1165003769199,1.04282751372651e-28,1.37324741145076e-24,"TH-Prkcd-Grin2c-Glut-3"
"200",3,"Eif2s3y",39.585913206202,-7.68295170133348,0.7933532235332,-9.68415010292318,3.52124964530157e-22,3.09130506361024e-18,"TH-Prkcd-Grin2c-Glut-3"
"201",4,"Kdm5d",15.74010931086,-5.08301246166987,0.603195869132634,-8.42680250608976,3.55238667318749e-17,2.33898019529347e-13,"TH-Prkcd-Grin2c-Glut-3"
"202",5,"Ddx3y",14.9506714411452,-5.81672616419694,0.750931352615659,-7.74601585609124,9.48206756093319e-15,4.99458426704595e-11,"TH-Prkcd-Grin2c-Glut-3"
"203",1,"Xist",12.2861820206964,6.63060900379199,0.594871105034306,11.1462953027608,7.46500877619273e-29,1.5189799857797e-24,"TH-Prkcd-Grin2c-Glut-4"
"204",2,"Uty",11.412025285782,-6.46911824852687,0.845419171678546,-7.65196539804355,1.97930504876021e-14,2.01374495660864e-10,"TH-Prkcd-Grin2c-Glut-4"
"205",3,"Eif2s3y",8.6198872797775,-6.41740224420954,0.851152162295091,-7.5396650898534,4.71179963298289e-14,3.19585663106453e-10,"TH-Prkcd-Grin2c-Glut-4"
"206",4,"Kdm5d",4.01496918067422,-4.88849817639564,0.897089915526549,-5.4492845051394,5.05728582590402e-08,0.000257264129963737,"TH-Prkcd-Grin2c-Glut-4"
"207",5,"Ddx3y",2.3078276383408,-4.79391561539749,0.897346615054836,-5.34232317252853,9.17628691427284e-08,0.000373438172263247,"TH-Prkcd-Grin2c-Glut-4"
"208",6,"Npsr1",1.14335911205286,3.64932828124126,0.867526665688758,4.20658917538164,2.59253810535411e-05,0.0879216089462423,"TH-Prkcd-Grin2c-Glut-4"
"209",1,"Xist",4.26243792803397,5.44785621489321,0.770915533745942,7.06673555846207,1.58620809631445e-12,2.54459502810764e-08,"TH-Prkcd-Grin2c-Glut-5"
"210",2,"Uty",3.90056495368599,-5.68911485162545,0.992214326461356,-5.73375600402301,9.82306156227495e-09,7.87907767910074e-05,"TH-Prkcd-Grin2c-Glut-5"
"211",3,"Eif2s3y",2.33811223940943,-4.8884425412993,1.04663757942913,-4.67061630250811,3.00297402858582e-06,0.0160579031221913,"TH-Prkcd-Grin2c-Glut-5"
"212",1,"Xist",29.5115387281955,7.95243576084136,0.626093799298642,12.7016682959483,5.7882490905994e-37,1.38292847272601e-32,"TH-Prkcd-Grin2c-Glut-6"
"213",2,"Uty",28.6538143623425,-5.79639121133813,0.536881441278006,-10.7964082303539,3.57932729654547e-27,4.27586438845322e-23,"TH-Prkcd-Grin2c-Glut-6"
"214",3,"Eif2s3y",19.8860443396638,-7.47147678048268,0.839423005585111,-8.90072910888923,5.5481015977165e-19,4.41850811242142e-15,"TH-Prkcd-Grin2c-Glut-6"
"215",4,"Ddx3y",7.76578919144911,-5.60596663427621,0.825208640084563,-6.79339304263918,1.09526447562675e-11,6.54201471291856e-08,"TH-Prkcd-Grin2c-Glut-6"
"216",5,"Kdm5d",7.33126343985328,-5.2067338512473,0.780545454129307,-6.67063503310692,2.54698901065218e-11,1.21705322885004e-07,"TH-Prkcd-Grin2c-Glut-6"
"217",1,"Xist",82.1581188990866,7.110252616131,0.355230576755426,20.0158800547915,4.0050182247331e-89,1.10530492966184e-84,"TH-Prkcd-Grin2c-Glut-7"
"218",2,"Uty",73.4069236650156,-6.21034777903094,0.445237929260715,-13.9483798905964,3.21833177886774e-44,4.4409760216596e-40,"TH-Prkcd-Grin2c-Glut-7"
"219",3,"Eif2s3y",46.1953383436292,-7.38911221994909,0.765954640762512,-9.64693185042026,5.06484107871061e-22,4.65931613634185e-18,"TH-Prkcd-Grin2c-Glut-7"
"220",4,"Kdm5d",21.0301119237061,-6.66393624980529,0.807714481397504,-8.25036123937678,1.57916442454883e-16,1.08954449471747e-12,"TH-Prkcd-Grin2c-Glut-7"
"221",5,"Ddx3y",16.7861796813526,-6.34303407037189,0.813428658873722,-7.79789844035554,6.29466352365764e-15,3.47440247851807e-11,"TH-Prkcd-Grin2c-Glut-7"
"222",6,"Tsix",4.29220414060797,2.87675713802661,0.529700359438127,5.43091407579577,5.60661264214509e-08,0.000257885492829867,"TH-Prkcd-Grin2c-Glut-7"
"223",7,"Kdm6a",89.1263467328641,0.508204569248474,0.103063104416721,4.93100389440649,8.18081029813278e-07,0.00322534289439812,"TH-Prkcd-Grin2c-Glut-7"
"224",8,"Arhgap26",111.639606716424,0.62279633191472,0.137291271662369,4.53631410339267,5.72459022960222e-06,0.0197484051445703,"TH-Prkcd-Grin2c-Glut-7"
"225",1,"Xist",8.32757878583536,6.79456713857405,0.682560448888157,9.95452805629439,2.40963441342768e-23,4.69734132553593e-19,"TH-Prkcd-Grin2c-Glut-8"
"226",2,"Uty",8.38507245291397,-6.58620418636266,0.856793043652935,-7.68704208694599,1.50575613941746e-14,1.4676605090902e-10,"TH-Prkcd-Grin2c-Glut-8"
"227",3,"Eif2s3y",5.31963620155307,-5.9362549866927,0.87825754925583,-6.75912776579335,1.38824934741134e-11,9.02084425947892e-08,"TH-Prkcd-Grin2c-Glut-8"
"228",4,"Ddx3y",1.87007500111305,-4.37745759863146,0.937258563950194,-4.67049090507332,3.00480787683774e-06,0.0146439311877687,"TH-Prkcd-Grin2c-Glut-8"
"229",1,"Xist",2.75225898905118,5.19405572441453,0.713024169708659,7.28454370142433,3.22760841673495e-13,5.09639369002449e-09,"TH-PVT-RE-Ntrk1-Nox4-Glut"
"230",2,"Uty",2.82340488538961,-4.96190958559597,0.881906158415997,-5.62634645222132,1.84066480600075e-08,0.000145320486433759,"TH-PVT-RE-Ntrk1-Nox4-Glut"
"231",1,"Xist",35.7096750269043,7.43089715992048,0.534146367762042,13.9117245916215,5.376718857057e-44,1.33805025476721e-39,"TH-Sema5b-Ntrk-Glut"
"232",2,"Uty",44.2644701329215,-6.79879443601095,0.667993158361297,-10.1779402242526,2.48771296858557e-24,3.09546124681102e-20,"TH-Sema5b-Ntrk-Glut"
"233",3,"Eif2s3y",28.6774853361707,-7.82149044162698,0.841845762025482,-9.29088295557664,1.53013644903007e-20,1.26929918901874e-16,"TH-Sema5b-Ntrk-Glut"
"234",4,"Kdm5d",14.9550451121924,-6.4140928258996,0.838763110159186,-7.64708503296275,2.05586384660876e-14,1.27905569216764e-10,"TH-Sema5b-Ntrk-Glut"
"235",5,"Ddx3y",10.2190841361072,-6.3397835193953,0.860113054476284,-7.37087233637623,1.69515117413716e-13,8.43710642391547e-10,"TH-Sema5b-Ntrk-Glut"
"236",6,"Tsix",1.52046647737215,4.43339063391695,0.871850130649645,5.08503752888525,3.6755338506215e-07,0.00152448892344278,"TH-Sema5b-Ntrk-Glut"
"237",7,"Slit3",162.468855731133,0.448179651676799,0.104339103700643,4.29541404690096,1.74367587738896e-05,0.0619901684067168,"TH-Sema5b-Ntrk-Glut"
"238",1,"Xist",21.395849675534,8.21885276887079,0.651444427651072,12.6163528614493,1.71585528126602e-36,4.13675549760424e-32,"Trh-Glut"
"239",2,"Uty",28.1275644075012,-6.43417263892993,0.700934927148816,-9.17941507794758,4.33439361031469e-20,5.22489477755385e-16,"Trh-Glut"
"240",3,"Eif2s3y",15.690834357575,-7.26603335455997,0.850325170784513,-8.54500560986135,1.28530030753344e-17,1.03291017047746e-13,"Trh-Glut"
"241",4,"Kdm5d",11.1073842842255,-5.83649356091657,0.822185844609271,-7.09875218502486,1.25888306941199e-12,7.58760298011341e-09,"Trh-Glut"
"242",5,"Ddx3y",7.80848471765936,-5.79752852354328,0.860095973736957,-6.74056000791876,1.57777323468058e-11,7.60770698298284e-08,"Trh-Glut"
"243",6,"Tsix",1.24775283998994,4.11333352048144,0.834637164493828,4.92828943577656,8.29526691562116e-07,0.00333317650114518,"Trh-Glut"
"244",1,"Xist",9.19322708586769,6.26141109109973,0.594917878108755,10.5248326222852,6.63793147751045e-26,1.30992939777191e-21,"TU-ARH-Otp-Six6-Gaba"
"245",2,"Uty",8.93915880704654,-6.35052063026417,0.846642799206369,-7.50082636528305,6.34167500976604e-14,6.25733073213615e-10,"TU-ARH-Otp-Six6-Gaba"
"246",3,"Eif2s3y",4.65498630846379,-5.47056541128682,0.858541863443151,-6.37192622075215,1.86668687718995e-10,1.22790662781555e-06,"TU-ARH-Otp-Six6-Gaba"
"247",4,"Kdm5d",3.13738042081035,-4.94958461178558,0.869857329952091,-5.6901108277816,1.26956944582384e-08,6.2634208609719e-05,"TU-ARH-Otp-Six6-Gaba"
"248",5,"Ddx3y",2.11739215755287,-3.69341401383487,0.834253773755699,-4.4272068404409,9.54611834445062e-06,0.0376766198818777,"TU-ARH-Otp-Six6-Gaba"
"249",1,"Xist",4.70433267037866,5.72491353054995,0.838744141588317,6.82557796434651,8.7572026035665e-12,1.4997585178868e-07,"VMH-Nr5a1-Glut-1"
"250",2,"Uty",4.26863001376637,-5.21256989785822,0.983471857806883,-5.30017189254619,1.15693704189529e-07,0.000990685188974933,"VMH-Nr5a1-Glut-1"
"251",3,"Eif2s3y",2.90939096997377,-4.50556520050717,1.02607903814949,-4.39105081869019,1.1280416973794e-05,0.0643961403643987,"VMH-Nr5a1-Glut-1"
"252",1,"Xist",25.2144331049429,8.10244912816503,0.624027755439067,12.9841165838275,1.50565419663353e-38,3.56523857220852e-34,"VMH-Nr5a1-Glut-2"
"253",2,"Uty",23.525745750322,-6.34038640586062,0.692636526877099,-9.15398792848483,5.48697040536813e-20,6.49629861143559e-16,"VMH-Nr5a1-Glut-2"
"254",3,"Eif2s3y",14.0156459822316,-6.84118727111685,0.846632809101783,-8.08046557795802,6.45199680957198e-16,5.09256108179516e-12,"VMH-Nr5a1-Glut-2"
"255",4,"Kdm5d",9.90232375020562,-5.38422864408679,0.757986461339905,-7.1033308887457,1.2178534836714e-12,7.20938815996379e-09,"VMH-Nr5a1-Glut-2"
"256",5,"Ddx3y",5.21665747002546,-5.62719864805402,0.875562328747038,-6.42695381390694,1.30186354502508e-10,6.16536537652976e-07,"VMH-Nr5a1-Glut-2"
"257",6,"Hs3st5",66.0478416609618,0.481972149469128,0.101243248195329,4.76053621412123,1.9307928372486e-06,0.00653132051331567,"VMH-Nr5a1-Glut-2"
"258",7,"Socs2",6.41980415565883,1.84269117940425,0.385939014102989,4.77456570097503,1.80095481958912e-06,0.00653132051331567,"VMH-Nr5a1-Glut-2"
"259",1,"Xist",24.480229625574,8.24595645677903,0.65329894595213,12.6220262681753,1.59659583402445e-36,4.01448056507109e-32,"ZI-Mixed-Gaba"
"260",2,"Uty",37.0173038252094,-7.84515669970825,0.784478700300213,-10.0004712641732,1.51673528989411e-23,1.90683960645487e-19,"ZI-Mixed-Gaba"
"261",3,"Eif2s3y",21.3197288791024,-7.48325922538899,0.818598312500152,-9.14155222545441,6.15622606344444e-20,5.15973827130823e-16,"ZI-Mixed-Gaba"
"262",4,"Kdm5d",12.156009849479,-5.84786292370435,0.763047197056849,-7.66382858918839,1.80470722381071e-14,1.13443896088741e-10,"ZI-Mixed-Gaba"
"263",5,"Ddx3y",8.71670056624404,-6.2184386180121,0.831363159011014,-7.47981017755168,7.44300401515101e-14,3.74293785913914e-10,"ZI-Mixed-Gaba"
"264",6,"Tsix",1.24802605399867,3.92119458440688,0.868374844665661,4.51555524494333,6.31510801211612e-06,0.0264645126427746,"ZI-Mixed-Gaba"
"265",1,"Xist",12.714388261858,7.39740457419791,0.664287908299843,11.1358410739864,8.39487741819027e-29,1.85526790942005e-24,"ZI-Pax6-Gaba"
"266",2,"Uty",17.8701017372005,-6.66677340085004,0.764718011069803,-8.71795002124188,2.83283944078236e-18,3.13028758206451e-14,"ZI-Pax6-Gaba"
"267",3,"Eif2s3y",8.81322153001134,-5.00065418482704,0.694827019275393,-7.19697715561208,6.15620720390609e-13,4.53507264021082e-09,"ZI-Pax6-Gaba"
"268",4,"Kdm5d",5.55872528224706,-5.45262413730371,0.823487923372029,-6.62137717208558,3.55867656063661e-11,1.96616879975172e-07,"ZI-Pax6-Gaba"
"269",5,"Ddx3y",3.74114974226889,-4.9296080498136,0.842707044708583,-5.84972925142487,4.92373821025019e-09,2.17629228893058e-05,"ZI-Pax6-Gaba"
"270",1,"Xist",13.0636644012121,7.58860023441206,0.663872434322934,11.430810863764,2.93356513558365e-30,6.00207426740415e-26,"ZI-PVH-SBPV-Pax6-Prox1-Gaba"
"271",2,"Uty",12.2867302793281,-6.77101934664106,0.849465131082557,-7.97092087583641,1.57496328294647e-15,1.61118743845424e-11,"ZI-PVH-SBPV-Pax6-Prox1-Gaba"
"272",3,"Eif2s3y",6.0673647760854,-5.81803230039292,0.856899135189861,-6.78963493072475,1.1241764772528e-11,7.66688357486407e-08,"ZI-PVH-SBPV-Pax6-Prox1-Gaba"
"273",4,"Kdm5d",4.6682030310668,-4.87608990033356,0.851107529731067,-5.72911145771945,1.00958047092556e-08,5.16400410878422e-05,"ZI-PVH-SBPV-Pax6-Prox1-Gaba"
"274",5,"Ddx3y",2.76571137245638,-4.67099272659434,0.890596291657917,-5.24479247257914,1.56458332576247e-07,0.000640227496902001,"ZI-PVH-SBPV-Pax6-Prox1-Gaba"
