"","0","1","10","11","12","13","14","15","16","17","18","19","2","20","21","22","23","24","25","26","27","28","29","3","30","31","32","33","34","35","36","37","38","39","4","40","41","42","43","44","45","46","47","48","49","5","50","51","52","53","54","55","56","57","58","59","6","60","61","62","63","64","65","66","67","68","69","7","70","71","72","73","74","75","76","77","78","79","8","80","81","82","9"
"01 IT-ET Glut",47,9,0,2,0,4,1,1,1,2,7,8,4,0,1,1,75,1862,1,3,0,1,1599,109,1,3,1,0,40,1,1,0,0,29,5,2,0,1,59,25,1,6,21,0,0,0,0,1,4,0,0,2,2,0,0,0,6,0,0,0,0,1,1,0,0,0,2,18,0,355,1,4,0,0,0,0,1,0,0,0,0,0,8
"02 NP-CT-L6b Glut",6,3,1,1,0,1,0,1,0,0,0,3,1,0,0,0,9,9,0,2,0,0,5,19,1,1,1,0,1,0,0,0,1,2,0,0,0,0,2,1139,1,0,3,0,0,0,1,1,0,2,0,1,3,0,0,0,4,0,0,1,1,1,0,0,0,0,2,2,0,0,0,0,0,0,0,0,1,0,0,0,0,0,1
"03 OB-CR Glut",7,1,0,0,0,12,0,0,0,0,1,1,2,1,0,0,0,0,0,1,0,0,0,2,0,1,0,0,1,0,0,0,0,0,0,0,0,0,0,0,0,0,0,0,0,0,0,0,0,0,0,0,0,0,0,1,3,1,0,0,0,0,0,0,0,0,0,1,0,0,0,0,0,0,0,0,1,0,0,0,0,0,0
"04 DG-IMN Glut",2,1,0,0,0,0,0,0,0,0,0,0,2,0,1,0,2,2,0,0,0,0,185,3,0,0,0,0,4,0,0,0,0,2,0,0,0,0,0,0,0,1,5,0,0,0,0,0,0,0,0,0,0,1,0,0,4,0,0,0,0,0,0,0,0,0,0,0,0,0,0,0,0,0,0,0,0,0,0,0,1,0,0
"05 OB-IMN GABA",32,24,0,1,1,1,0,1,3,1,1,48,12,0,1,0,3,1,1,2,2,0,1,12,6,8,2,0,10,0,1,0,0,5,9,0,1,1,0,1,1,0,8,0,0,0,1,0,4,1,1,0,3,3,0,0,16,0,0,1,0,0,1,0,1,0,0,9,0,0,2,16,0,0,0,0,0,0,0,2,0,0,0
"06 CTX-CGE GABA",20,4,0,1,0,0,0,1,0,0,0,1,0,0,0,1,7,1,1,0,0,0,1,3,22,19,0,1,7,0,0,0,2,8,1,0,0,0,0,1,0,0,0,0,0,0,0,1,2,0,0,0,1,0,1,1,0,0,0,0,0,0,1,421,0,0,0,15,0,0,0,0,0,0,0,0,0,0,0,0,0,0,0
"07 CTX-MGE GABA",19,7,1,0,0,0,2,2,1,0,1,1,1,0,0,0,13,0,0,0,0,2,0,11,580,2,0,0,8,0,7,0,0,9,2,0,0,0,0,0,1,0,0,0,0,0,0,1,10,2,0,1,1,0,3,1,1,0,0,0,0,0,0,5,0,0,0,1,0,0,0,0,0,0,0,0,0,0,0,0,0,0,1
"08 CNU-MGE GABA",43,14,0,3,0,5,0,1811,4,1,0,3,7,0,0,0,97,1,1,4,0,1,0,41,1105,5,2,0,34,0,24,0,0,46,10,0,0,0,0,3,3,0,1,0,0,0,0,1,23,0,1,1,8,0,187,0,1,0,0,7,0,410,1,1,0,0,1,4,0,0,0,0,0,0,0,0,0,0,0,0,0,0,0
"09 CNU-LGE GABA",29,5,0,0,0,0,0,1,0,2661,1,2144,2,0,0,0,464,2,0,2,0,0,1,41,1,0,73,0,228,0,1,0,0,32,1,0,1,0,1,6,2,3,838,0,0,0,0,1,15,0,0,5,26,1,1,1,3688,1,0,467,0,1,0,0,0,0,1,132,0,0,0,171,0,0,0,0,0,0,0,1,0,0,1
"10 LSX GABA",32,236,0,2,0,2,2,1,1,0,0,4,32,0,0,0,8,1,0,5,0,1,0,4,2,8,9,0,10,2,7,0,1,10,6,0,0,0,1,0,2,0,3,0,0,0,0,0,3,0,0,0,2,0,1,0,2,1,0,1,0,0,1,0,0,0,0,55,0,0,0,3,0,0,0,0,0,0,0,0,0,0,4
"11 CNU-HYa GABA",918,1132,1,48,0,36,12,837,237,135,17,64,288,0,2,1,379,15,1,164,1,1,6,111,66,214,1310,10,274,21,1538,0,533,179,167,0,0,6,77,12,9,21,30,0,0,0,9,13,98,0,7,7,26,0,397,7,36,2,5,21,3,15,1,9,0,0,2,3077,1,1,10,4,6,0,0,0,1,0,1,0,0,0,86
"12 HY GABA",1877,2845,3522,217,0,56,52,132,2466,9,45,34,3806,1,19,1,327,20,4,1210,3,16,17,416,53,1403,145,50,370,1650,71,1,903,363,1950,1,0,28,18,22,1001,4,6,1,0,0,9,8,178,7,39,15,58,1,13,589,7,2,527,2,6,18,5,2,2,1,7,174,6,3,19,3,16,1,0,0,0,0,2,61,1,1,119
"13 CNU-HYa Glut",476,165,0,430,1,2419,12,9,9,9,40,19,47,1,5,0,109,48,0,43,1,4,3,99,4,9,33,21,92,5,3,0,6,101,75,0,0,9,994,7,4,899,8,0,0,0,70,3,33,1,3,2,17,0,5,3,6,541,4,1,4,2,0,0,1,0,0,81,329,2,4,4,5,1,0,0,0,0,0,0,0,0,62
"14 HY Glut",750,242,0,1932,0,122,38,10,9,0,1623,12,742,0,4,1,66,7,2,174,0,4,17,114,2,22,53,1557,219,3,18,0,35,176,174,0,0,677,52,5,9,20,3,0,1,0,471,694,72,676,617,6,35,0,0,5,1,5,1,1,8,2,2,0,0,2,2,33,3,0,218,2,187,1,0,0,0,0,1,1,0,0,3154
"15 HY Gnrh1 Glut",1,0,0,1,0,0,0,0,0,0,1,0,0,0,0,0,0,0,0,0,0,0,0,0,0,0,0,0,0,0,0,0,0,0,0,0,1,1,0,0,0,0,0,0,0,0,0,0,0,0,0,0,0,0,0,0,0,0,0,0,0,0,0,0,0,0,0,0,0,0,0,0,0,0,0,0,0,0,0,0,0,0,0
"16 HY MM Glut",0,0,0,0,0,0,0,1,0,0,0,0,0,0,0,0,1,0,0,0,0,1,0,3,0,0,0,0,13,0,0,0,0,2,0,0,0,496,0,0,0,0,1,0,0,0,0,0,1,0,0,0,0,0,0,0,0,0,0,0,0,0,0,0,0,0,0,0,0,0,0,0,0,0,0,0,0,0,0,0,0,0,1
"17 MH-LH Glut",12,9,0,6,0,0,0,0,0,0,8,0,0,0,0,0,0,1,0,4,0,0,1,4,0,1,0,1,3,0,0,0,0,4,4,0,0,1,0,0,1,0,0,0,0,0,0,0,2,0,0,0,1,0,0,0,0,0,0,0,394,0,0,0,0,0,0,0,0,0,0,0,0,1,0,0,0,0,0,0,0,0,2
"18 TH Glut",24,1,0,0,0,0,2142,2,0,0,6,4,4,2279,2183,2138,2,2,1994,2,0,1685,7,2172,1,0,0,1,14,1,0,1672,1,5,3,1505,0,2,0,1,2,1,1,0,928,4157,0,1,1,0,1,8,7,0,0,1,1,1,1,1,2,1,1,0,0,385,334,2,1,2,0,1,0,210,0,0,2,103,3721,0,0,0,1
"19 MB Glut",510,172,1,387,0,128,611,13,19,2,523,13,57,2,32,11,137,46,20,81,1,90,21,877,6,33,87,105,147,12,2,0,18,199,709,5,0,47,50,11,12,24,9,0,2,1,147,21,69,7,15,17,28,0,3,1,4,7,4,1,54,4,2,1,0,1,19,36,6,1,14,2,8,4,0,0,2,1,10,0,0,0,81
"20 MB GABA",377,297,14,80,0,76,56,52,72,3,66,15,85,2,17,15,104,14,7,194,1,42,8,292,13,62,25,19,98,31,9,0,53,108,939,3,1,32,18,7,26,5,7,0,3,1,5,4,42,8,7,4,18,0,7,3,14,6,15,5,5,4,1,3,0,0,3,71,9,1,8,2,3,2,1,0,1,0,2,0,50,0,51
"21 MB Dopa",2,1,0,0,0,0,1,0,2,0,21,0,0,0,0,0,0,0,0,0,0,0,0,0,0,0,0,0,2,0,0,0,0,0,0,0,0,0,0,0,0,0,0,0,0,0,0,0,1,0,0,0,0,0,0,0,0,0,0,0,1,0,0,0,0,0,0,0,0,0,0,0,1,0,0,0,0,0,0,0,0,29,0
"22 MB-HB Sero",1,4,0,1,0,0,0,0,1,0,0,0,0,0,0,0,0,0,0,0,0,0,0,0,0,0,0,1,2,0,0,0,0,0,2,0,0,1,0,0,0,0,0,0,0,0,0,0,2,0,1,0,0,0,0,0,0,0,0,0,0,0,0,0,0,0,0,0,0,0,0,0,0,0,0,0,0,0,0,0,0,0,1
"23 P Glut",26,22,0,32,0,11,3,0,1,0,25,0,10,0,0,0,3,3,0,4,0,0,0,14,0,6,3,6,9,4,1,0,1,6,19,0,0,11,5,0,0,5,3,0,0,0,8,0,1,0,2,0,0,0,0,0,0,1,0,0,4,1,0,0,0,0,0,7,5,0,0,0,1,0,0,0,0,0,0,0,0,0,7
"24 MY Glut",244,28,0,175,0,132,7,40,11,4,78,9,20,0,6,2,224,22,1,31,0,27,3,355,7,7,67,25,76,13,3,0,13,50,300,0,0,13,8,2,52,13,2,0,0,0,48,1,30,6,2,4,9,0,2,2,2,3,2,2,6,23,1,1,0,0,4,21,8,4,0,2,1,2,0,0,1,0,1,0,0,0,22
"25 Pineal Glut",0,1,0,0,0,0,0,0,0,0,0,0,0,0,0,0,0,0,0,0,0,0,0,0,0,0,0,0,0,0,0,0,0,0,0,0,0,0,0,0,0,0,0,0,0,0,0,0,0,0,0,0,0,0,0,0,0,0,0,0,0,0,0,0,0,0,0,0,0,0,0,0,0,0,0,0,0,0,0,0,0,0,0
"26 P GABA",148,67,2,17,0,19,4,8,13,2,14,2,38,0,3,1,22,5,2,17,0,7,0,44,1,29,5,12,17,13,4,0,12,20,77,0,0,9,5,3,4,2,2,0,0,0,3,7,17,4,2,1,2,0,1,1,2,4,2,2,4,0,1,0,0,0,1,26,9,0,1,4,1,0,0,0,0,0,0,0,0,0,15
"27 MY GABA",30,10,0,3,0,1,1,1,3,0,2,1,3,0,0,0,7,1,0,1,1,2,1,9,0,4,1,5,5,2,0,0,1,1,16,0,0,1,0,0,0,1,3,0,0,0,0,2,3,1,0,0,1,0,0,1,4,0,0,0,1,1,0,0,0,0,0,2,1,0,0,1,0,0,0,0,0,0,1,0,0,0,1
"28 CB GABA",1,3,0,0,1,0,0,1,1,0,0,0,1,1,1,0,1,0,0,0,0,0,0,1,0,0,0,0,0,0,0,0,0,1,1,0,0,0,0,0,0,0,1,0,0,0,0,0,1,0,0,0,0,0,0,0,1,0,0,0,0,0,0,0,0,0,0,0,0,0,0,0,0,0,0,0,0,0,0,0,0,0,0
"29 CB Glut",2,0,0,0,0,0,0,0,0,0,0,1,0,0,0,0,0,0,0,0,0,0,0,1,0,0,1,0,2,0,0,0,0,1,0,0,0,0,0,0,0,0,0,0,0,0,0,0,0,0,0,0,0,0,0,0,1,0,0,0,0,0,0,0,0,0,0,0,0,0,0,1,0,0,0,0,0,0,0,0,0,0,1
"30 Astro-Epen",3,1,0,0,1,0,0,1,1,0,0,0,7,0,1,0,15,0,0,1,4,0,1,0,0,0,0,0,6,1,0,0,1,132,0,0,1347,0,0,1,3,0,0,0,0,0,0,0,1,0,0,0,57,364,0,1,1,1,0,0,0,0,0,0,5,0,2,0,0,0,0,0,0,0,124,32,102,0,0,1,0,0,0
"31 OPC-Oligo",412,0,0,0,3136,0,0,5,0,0,0,1,1,0,10,0,33,0,0,0,1888,3,1,11,2,1,0,0,71,0,0,0,0,29,1,0,2,2,0,1,10,0,45,983,0,0,0,6,145,0,0,600,74,252,0,0,1,1,0,1,1,0,440,0,386,0,5,1,0,0,10,22,0,0,1,85,3,3,0,19,0,0,0
"32 OEC",0,0,0,0,0,0,0,0,0,0,0,0,0,0,0,0,0,0,0,0,0,0,0,0,0,0,0,0,0,0,0,0,0,0,0,0,0,0,0,0,0,0,0,0,0,0,0,0,0,0,0,0,0,1,0,0,0,0,0,0,0,0,0,0,0,0,0,0,0,0,0,0,0,0,0,0,0,0,0,0,0,0,0
"33 Vascular",0,0,0,0,0,0,0,0,0,0,0,0,2,0,0,0,0,0,0,0,0,0,0,0,0,0,0,0,0,0,0,0,0,0,0,0,1,0,0,0,0,0,0,0,0,0,0,0,0,0,0,0,262,0,0,0,0,0,0,0,0,0,0,0,2,0,0,0,0,0,0,0,0,0,0,0,0,0,0,0,0,0,0
"34 Immune",0,0,0,0,0,0,0,0,0,0,0,0,0,0,0,0,0,0,0,0,0,0,0,0,0,0,0,0,2,0,0,0,0,0,0,0,0,0,0,0,0,0,0,0,0,0,0,0,0,0,0,0,1,1,0,1,1,0,0,0,0,0,0,0,43,0,0,0,0,0,0,0,0,0,0,0,0,0,0,0,0,0,0
