,AD-Serpinb7-Glut,ADP-MPO-Trp73-Glut,AHN-Onecut3-Gaba,AHN-PVHd-PVR-Mixed-Gaba,ARC-Mixed-Glut,AV-Col27a1-Glut,Chat-GABA,DMH-Gaba,DMH-Hmx2-Vgll1-Glut,GPe-SI-Sox6-Cyp26b1-Gaba,GPi-Tbr1-Cngb3-Gaba-Glut,Hist-Gaba,HY-NSCs-1,HY-NSCs-2,LH-MH-Glut,LHA-Pmch-Glut,Lhx6-Gaba,Lhx6-Lhx8-Gaba,Mixed,Mixed-Meis2-Gaba,NDB-SI-MA-STRv-Lhx8-Gaba,PF-Fzd5-Glut,PH-LHA-MM-Foxb1-Glut,PH-LHA-PVH-SO-PVa-Nxph4-Glut,Pitx2-Glut,PO-CEA-BST-Meis2-Gaba,PO-COAa-PAA-MEA-Barhl2-Glut,PO-MEA-BST-Mixed-Gaba,PO-MEA-Glut,PO-MEA-Slc17a7-Glut,PV-PT-Ntrk1-Sp9-Glut,PVH-SO-PVa-Agtr1a-Glut,PVH-SO-PVa-Avp-Glut,PVN-Mixed-Glut,PVpo-VMPO-MPN-Hmx2-Gaba,RE-Xi-Nox4-Glut,RT-ZI-Gnb3-Gaba-1,RT-ZI-Gnb3-Gaba-2,SCH-Six6-Cdc14a-Gaba,SCsg-Gabrr2-Gaba,SI-MA-LPO-LHA-Skor1-Glut,SI-MPO-LPO-ADP-Lhx8-Gaba,SNc-VTA-RAmb-Foxa1-Dopa,STN-PSTN-Pitx2-Glut,STR-D1-D2-Gaba,STR-D1-Gaba,STR-PAL-Chst9-Gaba,TH-Prkcd-Grin2c-Glut-1,TH-Prkcd-Grin2c-Glut-2,TH-Prkcd-Grin2c-Glut-3,TH-Prkcd-Grin2c-Glut-4,TH-Prkcd-Grin2c-Glut-5,TH-Prkcd-Grin2c-Glut-6,TH-Prkcd-Grin2c-Glut-7,TH-Prkcd-Grin2c-Glut-8,TH-PVT-RE-Ntrk1-Nox4-Glut,TH-Sema5b-Ntrk-Glut,Trh-Glut,TRS-BAC-Sln-Glut,TU-ARH-Otp-Six6-Gaba,VMH-Nr5a1-Glut-1,VMH-Nr5a1-Glut-2,ZI-Mixed-Gaba,ZI-Pax6-Gaba,ZI-PVH-SBPV-Pax6-Prox1-Gaba
Het-F-1,6,4,40,55,4,23,6,89,24,9,5,9,5,20,66,4,3,11,121,25,17,36,32,81,34,11,3,16,3,11,19,4,12,0,10,30,7,97,11,0,34,3,1,23,67,35,11,8,77,151,23,5,62,115,14,8,90,58,2,38,6,61,94,51,42
Het-F-2,18,3,54,79,11,42,4,228,42,8,12,37,9,39,38,5,11,35,269,75,21,141,201,214,117,26,1,12,2,140,52,4,13,0,2,96,9,160,0,1,49,5,5,64,101,66,22,23,183,310,43,13,153,172,25,11,243,59,4,77,23,141,222,116,62
Het-F-3,0,5,113,125,0,16,5,193,54,12,13,13,0,1,5,15,7,40,303,110,19,153,46,258,120,52,9,41,19,64,49,10,34,1,6,63,17,204,18,5,65,8,3,66,11,13,15,16,189,264,29,19,144,229,45,7,199,119,1,66,18,146,341,163,98
Het-F-4,3,18,115,245,2,46,26,146,23,42,14,1,0,0,0,5,8,104,194,81,116,2,7,55,10,165,22,168,36,0,52,21,40,0,105,57,24,185,48,0,144,76,0,3,269,194,109,2,49,122,54,7,72,118,23,11,105,169,51,33,24,152,68,52,73
Het-F-5,2,6,18,178,48,9,30,31,2,10,0,1,0,2,0,2,13,102,82,84,87,0,0,12,1,132,27,87,12,0,26,5,7,8,53,11,1,36,11,1,75,69,0,0,403,290,156,1,0,4,19,0,6,83,6,8,20,65,43,9,0,10,38,7,11
Het-F-6,9,14,72,213,23,33,17,73,6,26,7,0,5,48,3,1,3,61,143,45,86,2,5,45,2,96,25,103,23,0,38,8,27,5,88,61,17,152,37,1,113,45,0,0,137,101,71,4,46,114,56,9,52,95,19,14,146,123,50,8,2,48,54,29,36
Het-M-1,11,14,162,316,104,83,34,289,55,49,32,17,47,158,1,11,37,173,520,101,142,32,38,114,45,302,75,307,152,99,70,28,57,28,85,170,24,331,35,4,195,34,1,46,515,287,144,20,272,409,108,15,170,257,26,29,379,247,21,97,30,222,254,151,112
Het-M-10,17,5,65,157,96,51,20,43,4,21,7,1,25,116,11,1,18,100,107,32,70,3,5,26,4,116,29,115,33,0,40,8,23,7,70,37,12,114,27,0,90,30,0,1,229,122,77,10,62,124,32,6,43,115,4,12,118,103,32,6,0,42,40,30,46
Het-M-2,2,3,44,87,2,15,5,117,17,9,11,18,0,0,36,6,5,20,174,35,23,69,24,96,56,41,18,69,39,34,25,6,20,3,9,53,13,120,5,5,43,3,0,32,48,37,25,11,142,181,30,11,67,132,17,6,142,52,1,42,14,86,139,82,42
Het-M-3,7,21,188,304,187,49,35,295,70,58,26,17,61,189,0,10,42,171,458,144,129,8,22,134,26,361,130,373,162,5,77,19,50,44,105,149,22,311,57,0,189,45,0,17,328,168,223,17,130,289,116,8,121,250,35,36,278,273,25,96,32,243,171,106,119
Het-M-4,0,0,12,51,121,1,3,100,15,7,0,16,14,79,2,4,22,62,94,48,11,67,106,106,78,29,7,58,41,212,23,0,1,0,2,21,3,54,0,2,12,4,3,17,34,21,55,8,96,126,4,5,54,78,6,2,85,17,0,21,9,65,115,49,27
Het-M-5,6,7,39,151,142,30,30,45,2,22,8,0,3,13,2,1,18,113,122,75,115,2,1,19,1,165,38,110,26,0,44,10,13,13,74,60,8,95,30,1,94,71,0,0,298,214,174,2,14,51,28,0,28,196,11,8,80,79,42,4,0,16,42,17,17
Het-M-6,2,4,87,94,4,23,9,196,41,11,22,18,0,4,3,10,10,36,216,64,28,156,56,183,123,62,25,88,42,65,58,22,24,9,7,85,19,160,7,3,69,4,1,35,41,47,25,11,196,283,60,7,108,158,22,13,239,125,0,74,18,154,273,118,83
Het-M-7,1,1,37,122,1,4,3,151,34,3,15,20,0,0,54,11,6,14,168,45,10,130,53,228,90,29,15,62,32,87,43,0,12,0,12,59,12,87,0,4,15,1,1,40,20,39,17,12,202,274,13,3,84,68,18,4,203,60,1,67,18,142,299,117,60
Het-M-8,5,7,65,94,10,21,4,58,8,11,8,0,9,24,2,1,5,23,110,46,31,29,6,44,4,32,8,60,17,0,16,13,14,0,23,38,8,123,33,1,44,14,0,13,65,43,52,9,50,87,23,8,53,52,19,2,89,70,11,13,8,47,79,56,44
Het-M-9,1,2,34,100,1,7,2,128,18,3,13,27,0,0,2,6,6,19,139,52,6,59,87,118,62,29,20,45,30,68,14,5,11,1,6,51,9,72,2,1,48,3,1,38,12,21,17,2,109,113,27,3,36,109,21,2,106,44,1,37,4,77,118,56,30
