"","0","1","10","11","12","13","14","15","16","17","18","19","2","20","21","22","23","24","25","26","27","28","29","3","30","31","32","33","34","35","36","37","38","39","4","40","41","42","43","44","45","46","47","48","49","5","50","51","52","53","54","55","56","57","58","59","6","60","61","62","63","64","65","66","67","68","69","7","70","71","72","73","74","75","8","9"
"001 CLA-EPd-CTX Car3 Glut",0,0,0,0,0,0,0,0,1,0,0,0,0,0,0,0,0,0,0,0,0,0,0,0,0,0,0,3,0,0,0,0,0,0,2,0,0,0,0,0,0,0,0,0,0,0,0,1,0,0,0,0,0,0,0,0,0,0,352,0,0,0,0,0,0,0,0,0,0,0,0,0,0,0,0,0
"002 IT EP-CLA Glut",0,0,0,0,0,0,0,0,0,0,0,0,0,0,0,0,0,0,0,0,0,0,1,0,0,0,0,89,0,0,0,0,0,0,0,6,0,0,0,0,0,0,0,0,0,0,0,0,0,0,0,0,0,0,0,0,0,0,0,0,0,0,0,0,0,0,0,0,0,0,0,0,0,0,0,0
"003 L5/6 IT TPE-ENT Glut",1,0,0,0,0,0,0,0,0,0,0,0,0,0,0,0,0,0,0,0,0,0,0,0,0,0,0,14,0,0,0,0,0,0,0,0,0,0,0,0,0,0,0,0,0,0,0,0,0,0,0,0,0,0,0,0,0,0,0,0,0,0,0,0,0,0,0,0,0,0,0,0,0,0,0,0
"004 L6 IT CTX Glut",0,0,0,0,0,0,0,1,3,0,0,0,0,0,0,0,0,0,3,1,0,0,0,0,0,0,0,223,0,0,0,0,0,0,1,4,0,0,0,0,0,0,0,0,0,0,0,0,0,0,0,0,0,0,0,0,0,0,0,0,0,0,0,0,0,0,0,0,0,0,0,0,0,0,0,0
"005 L5 IT CTX Glut",0,0,0,0,0,0,0,0,0,0,0,0,0,0,0,0,0,0,2,0,0,0,0,0,0,0,0,45,0,0,0,0,0,0,1,0,0,0,0,0,0,0,0,0,0,0,0,0,0,0,0,0,0,0,0,0,0,0,0,0,0,0,0,0,0,0,0,0,0,0,0,0,0,0,0,0
"006 L4/5 IT CTX Glut",0,0,0,0,0,0,0,0,1,0,0,0,0,0,0,0,0,1,5,0,0,0,0,0,0,0,0,185,0,0,0,0,0,0,4,0,0,0,0,0,0,0,0,0,0,0,0,0,0,0,0,0,0,0,0,0,0,0,0,0,0,0,0,0,0,0,0,0,0,0,0,0,0,0,0,0
"007 L2/3 IT CTX Glut",0,0,0,0,0,0,0,0,0,0,0,0,0,0,0,0,0,2,2,0,0,0,0,0,0,0,0,45,0,0,0,0,0,0,0,0,0,0,0,0,1,0,0,0,0,0,0,0,0,0,0,0,0,0,0,0,0,0,0,0,0,0,0,0,0,0,0,0,0,0,0,0,0,0,0,0
"009 L2/3 IT PIR-ENTl Glut",3,0,0,0,0,2,0,0,6,0,0,0,0,0,2,0,0,7,12,1,0,0,0,0,0,1,0,385,0,1,0,0,0,0,4,0,0,2,0,0,2,0,0,0,0,0,0,0,1,0,0,0,0,0,0,0,0,0,0,0,0,0,0,0,0,2,0,0,0,0,0,0,0,0,0,0
"010 IT AON-TT-DP Glut",1,0,0,0,0,0,0,0,2,0,0,0,0,0,0,0,0,0,0,0,0,0,0,0,0,1,0,9,0,0,0,0,0,0,0,0,0,0,0,0,0,0,0,0,0,0,0,0,0,0,0,0,0,0,0,0,0,0,0,0,0,0,0,0,0,0,0,0,0,0,0,0,0,0,0,0
"012 MEA Slc17a7 Glut",47,2,6,1,7,5,0,1,33,0,1,1,3,0,7,1,0,34,25,0,0,2,767,10,0,235,1,144,1,1,0,0,0,0,84,7,2,7,0,0,5,0,0,0,0,2,0,3,0,0,0,1,0,0,0,1,7,0,1,0,0,0,4,0,0,1,1,5,0,0,0,0,0,0,0,0
"013 COAp Grxcr2 Glut",0,0,0,0,0,0,0,0,0,0,0,0,0,0,0,0,0,0,0,0,0,0,10,0,0,0,0,0,0,0,0,0,0,0,0,0,0,0,0,0,0,0,0,0,0,0,0,0,0,0,0,0,0,0,0,0,0,0,0,0,0,0,0,0,0,0,0,0,0,0,0,0,0,0,0,0
"014 LA-BLA-BMA-PA Glut",3,0,0,0,0,0,0,0,1,0,0,0,0,0,1,0,0,1,6,0,0,0,39,0,0,3,0,252,0,0,0,0,0,0,5,0,0,0,0,0,0,0,0,0,0,0,0,0,0,0,0,0,0,0,0,0,0,0,0,0,0,0,0,0,0,0,0,0,0,0,0,0,0,0,0,0
"015 ENTmv-PA-COAp Glut",0,0,0,0,0,0,0,0,0,0,0,0,0,0,0,0,0,1,0,0,0,0,3,0,0,0,0,2,0,0,0,0,0,0,0,0,0,0,0,0,0,0,0,0,0,0,0,0,0,0,0,0,0,0,0,0,0,0,0,0,0,0,0,0,0,0,0,0,0,0,0,0,0,0,0,0
"016 CA1-ProS Glut",0,0,0,0,0,0,0,0,0,0,0,0,0,0,0,0,0,2,1,0,0,0,109,0,0,1,0,0,0,0,0,0,0,0,0,0,0,0,0,0,0,0,0,0,0,0,0,0,0,0,0,0,0,0,0,0,0,0,0,0,1,0,0,0,0,0,0,0,0,0,0,0,0,0,0,0
"017 CA3 Glut",1,0,0,0,0,0,0,0,0,0,0,0,0,0,0,0,0,2,2,0,0,0,608,0,0,0,0,0,0,0,0,0,0,0,5,0,0,0,0,0,1,0,0,0,0,0,0,0,0,0,0,0,0,0,0,0,0,0,0,0,0,0,0,1,0,0,0,0,0,0,0,0,0,0,0,0
"018 L2 IT PPP-APr Glut",0,0,0,0,0,0,0,0,0,0,0,0,0,0,1,0,0,0,0,0,0,0,0,0,0,0,0,0,0,0,0,0,0,0,0,0,0,0,0,0,0,0,0,0,0,0,0,0,0,0,0,0,0,0,0,0,0,0,0,0,0,0,0,0,0,0,0,0,0,0,0,0,0,0,0,0
"020 L2/3 IT RSP Glut",0,0,0,0,0,0,0,0,0,0,0,0,0,0,0,0,0,0,0,0,0,0,0,0,0,0,0,1,0,0,0,0,0,0,0,0,0,0,0,0,0,0,0,0,0,0,0,0,0,0,0,0,0,0,0,0,0,0,0,0,0,0,0,0,0,1,0,0,0,0,0,0,0,0,0,0
"021 L4 RSP-ACA Glut",0,0,0,0,0,0,0,0,0,0,0,0,0,0,0,0,0,0,0,0,0,0,0,0,0,0,0,2,0,0,0,0,0,0,0,0,0,0,0,0,0,0,0,0,0,0,0,0,0,0,0,0,0,0,0,0,0,0,0,0,0,0,0,0,0,0,0,0,0,0,0,0,0,0,0,0
"022 L5 ET CTX Glut",0,0,0,0,0,0,0,0,0,0,0,0,1,0,0,0,0,0,0,0,0,0,0,0,0,0,0,59,0,0,0,0,0,0,1,2,0,0,0,0,0,0,0,0,0,0,0,0,0,0,0,0,0,0,0,0,0,0,0,0,0,0,0,0,0,0,0,0,0,0,0,0,0,0,0,0
"025 CA2-FC-IG Glut",0,0,0,0,0,0,0,0,0,0,0,0,0,0,0,0,0,0,0,0,0,0,21,0,0,0,0,0,0,0,0,0,0,0,1,0,0,0,0,0,0,0,0,0,0,0,0,0,0,0,0,0,0,0,0,0,0,0,0,0,0,0,0,0,0,0,0,0,0,0,0,0,0,0,0,0
"026 NLOT Rho Glut",0,0,0,0,0,0,0,0,0,0,0,0,0,0,0,0,0,3,0,0,0,0,0,0,0,0,0,4,0,1,0,0,0,0,3,0,0,0,0,0,0,0,0,0,0,0,0,0,0,0,0,0,0,0,0,0,0,0,0,0,0,0,262,0,0,0,0,0,0,0,0,0,0,0,0,0
"027 L6b EPd Glut",0,0,0,0,0,0,0,0,0,0,0,0,0,0,0,0,0,0,2,0,0,0,0,0,0,0,0,0,0,0,0,0,0,0,0,63,0,0,0,0,0,0,0,0,0,0,0,0,0,0,0,0,0,0,0,0,0,0,0,0,0,0,0,0,0,0,0,0,0,0,0,0,0,0,0,0
"028 L6b/CT ENT Glut",0,0,0,0,0,0,0,0,0,0,0,0,0,0,0,0,0,0,0,0,0,0,0,0,0,0,0,0,0,0,0,0,0,0,0,4,0,0,0,0,0,0,0,0,0,0,0,0,0,0,0,0,0,0,0,0,0,0,0,0,0,0,0,0,0,0,0,0,0,0,0,0,0,0,0,0
"029 L6b CTX Glut",0,0,0,0,0,0,0,0,0,0,0,0,0,0,0,0,0,0,2,0,0,0,0,1,0,0,0,0,0,0,0,0,0,0,1,232,0,0,0,0,1,0,0,0,0,0,0,0,0,0,0,0,0,0,0,0,0,0,0,0,0,0,0,0,0,0,0,0,0,0,0,0,0,0,0,0
"030 L6 CT CTX Glut",3,0,2,0,0,1,0,1,6,0,0,0,2,1,3,1,0,3,12,0,0,0,4,1,0,2,0,9,0,0,0,0,0,0,10,788,0,1,0,0,0,0,0,1,1,0,0,2,0,0,0,0,0,0,0,0,1,0,0,0,0,0,0,0,0,0,0,0,0,0,0,0,0,0,0,0
"031 CT SUB Glut",1,0,1,0,0,0,0,0,0,0,0,0,0,0,0,0,0,0,0,0,0,0,0,0,0,0,0,0,0,0,0,0,0,0,0,1,0,0,0,0,0,0,0,0,0,0,0,0,0,0,0,0,0,0,0,0,0,0,0,0,0,0,0,0,0,0,0,0,0,0,0,0,0,0,0,0
"032 L5 NP CTX Glut",4,0,1,2,0,0,1,0,0,0,0,0,0,0,0,0,0,1,1,0,0,1,0,1,0,3,1,0,0,0,0,0,0,0,3,42,1,0,0,0,0,0,0,0,0,1,0,0,0,0,0,0,0,0,0,0,0,0,0,0,1,0,0,0,0,0,0,0,0,0,0,0,0,0,0,1
"033 NP SUB Glut",0,0,0,0,0,0,0,0,0,0,0,0,0,0,0,0,0,0,0,0,0,0,0,0,0,0,0,0,0,0,0,0,0,0,0,0,0,0,0,0,0,0,0,0,0,0,0,0,0,0,0,1,0,0,0,0,0,0,0,0,0,0,0,0,0,0,0,0,0,0,0,0,0,0,0,0
"035 OB Eomes Ms4a15 Glut",2,0,1,0,0,3,3,0,0,0,1,0,0,0,0,0,0,0,0,0,0,1,0,1,0,0,0,0,0,0,0,0,1,0,2,0,0,0,0,0,0,1,0,0,0,0,0,0,0,1,0,0,0,0,0,1,1,0,0,0,0,0,0,0,0,0,0,0,0,0,0,0,0,0,0,0
"036 HPF CR Glut",5,0,0,0,0,0,10,0,0,0,0,0,0,0,1,0,0,0,1,0,0,0,0,0,0,0,0,0,0,0,0,0,0,0,0,0,0,0,0,0,0,0,0,0,0,0,1,0,0,0,0,0,0,0,0,0,0,0,0,0,0,0,0,0,0,0,0,0,0,0,0,0,0,0,0,0
"037 DG Glut",1,0,0,0,0,1,0,0,8,0,0,0,1,0,0,0,0,6,4,0,0,0,181,0,0,0,0,0,0,0,0,0,0,0,3,0,0,0,0,0,1,0,0,0,0,1,0,0,0,0,1,0,0,0,0,0,0,0,0,0,0,0,0,1,0,0,0,0,0,0,0,0,0,0,0,0
"038 DG-PIR Ex IMN",1,0,0,1,0,0,0,0,0,0,0,0,0,0,0,0,0,0,0,0,0,0,0,2,0,0,0,1,0,0,0,0,0,0,1,0,0,0,0,0,0,0,0,0,0,0,0,0,0,0,0,0,0,0,0,0,0,0,0,0,0,0,0,0,0,0,0,0,0,0,0,0,0,0,0,0
"039 OB Meis2 Thsd7b Gaba",9,0,1,0,0,1,0,1,5,0,0,0,1,1,33,0,0,2,3,0,0,2,0,5,0,0,0,0,0,1,0,0,0,0,3,0,0,0,0,0,0,0,0,0,3,8,0,0,0,0,1,0,0,0,0,0,1,0,0,0,0,0,0,0,0,9,0,0,0,0,0,1,0,0,0,0
"040 OB Trdn Gaba",1,0,1,0,0,0,0,0,0,0,0,0,0,0,0,1,0,0,0,0,0,0,0,2,0,0,0,0,0,0,0,0,0,0,0,0,0,0,0,0,0,0,0,0,0,0,0,0,0,0,0,0,0,0,0,0,0,0,0,0,0,0,0,0,0,0,0,0,0,0,0,0,0,0,0,0
"041 OB-in Frmd7 Gaba",6,0,6,0,0,6,0,0,6,0,1,0,0,1,14,2,0,3,5,0,0,0,1,8,0,1,1,1,0,0,0,0,0,0,1,0,0,0,0,0,1,1,0,0,0,2,0,0,0,0,4,0,0,0,0,0,1,0,0,0,1,0,0,0,0,6,0,0,0,0,0,0,0,0,0,1
"042 OB-out Frmd7 Gaba",2,0,0,0,0,0,0,0,0,0,0,0,1,0,0,1,0,0,1,0,0,0,0,0,0,0,0,0,0,0,0,0,0,0,0,0,0,0,0,0,0,0,0,0,0,0,0,0,0,0,0,0,0,0,0,0,0,0,0,0,0,0,0,0,0,0,0,0,0,0,0,0,0,0,0,0
"044 OB Dopa-Gaba",12,0,1,0,1,1,1,0,0,0,0,0,1,0,0,1,0,1,2,1,0,4,0,12,0,0,0,0,0,0,1,0,0,0,5,0,1,0,0,0,0,0,0,0,0,0,0,0,0,0,0,0,0,0,0,1,0,0,0,0,1,0,0,0,1,0,0,1,0,0,0,0,4,0,0,0
"045 OB-STR-CTX Inh IMN",2,0,0,0,0,0,0,0,0,0,0,0,0,0,2,2,0,1,1,0,0,1,0,3,0,0,0,0,0,0,1,0,0,0,0,0,0,0,0,0,0,0,0,0,0,0,0,0,0,0,0,0,0,0,0,0,0,0,0,0,0,0,0,0,0,2,0,0,0,0,0,1,0,0,0,0
"046 Vip Gaba",14,1,1,0,0,0,0,0,3,0,0,0,0,1,0,0,0,3,3,0,0,7,0,0,0,0,0,0,0,0,0,0,0,0,0,0,0,0,0,0,1,0,1,0,0,0,0,0,113,0,0,0,0,0,0,0,1,0,0,1,0,0,1,0,0,0,0,1,0,0,0,0,0,0,0,0
"047 Sncg Gaba",1,0,0,0,0,0,0,0,0,0,0,0,0,0,0,0,0,1,1,0,0,2,0,1,0,0,0,0,0,0,0,0,0,0,1,0,0,0,0,0,0,0,0,0,0,0,0,0,45,0,0,0,0,0,0,0,0,0,0,0,0,0,0,0,0,0,0,0,0,0,0,0,0,0,0,0
"048 RHP-COA Ndnf Gaba",6,1,0,0,0,0,0,0,0,0,0,0,0,0,0,4,0,3,0,0,0,0,1,0,0,0,0,0,0,0,0,0,0,0,0,1,0,0,0,0,1,0,0,0,0,0,0,0,73,0,0,0,0,0,0,0,6,0,0,0,0,0,0,0,0,0,0,1,0,0,0,0,0,0,0,0
"049 Lamp5 Gaba",10,0,0,0,0,0,0,0,4,0,0,0,0,0,0,0,0,2,4,1,0,12,0,0,0,0,0,0,0,1,0,0,0,0,1,0,0,0,0,0,1,0,0,0,0,0,0,0,198,0,0,0,0,0,0,0,7,0,0,0,0,0,0,0,0,0,0,1,0,0,0,0,0,0,0,0
"050 Lamp5 Lhx6 Gaba",3,0,0,0,0,0,0,0,0,0,0,0,0,0,0,8,0,0,1,0,0,0,0,0,0,0,0,0,0,0,0,0,0,0,1,0,0,0,0,0,0,0,0,0,0,0,0,0,53,0,0,0,0,0,0,0,0,0,0,0,0,0,0,0,0,0,0,0,0,0,0,0,0,0,0,0
"051 Pvalb chandelier Gaba",0,0,0,0,0,0,0,0,1,0,0,0,0,0,0,28,0,2,0,0,0,0,0,0,0,0,0,0,0,0,0,0,0,0,0,0,0,0,0,0,0,0,0,0,0,0,0,0,1,0,0,0,0,0,0,0,0,0,0,0,0,0,0,0,0,0,0,0,0,0,0,0,0,0,0,0
"052 Pvalb Gaba",2,0,0,0,0,0,0,0,2,0,0,1,0,0,0,186,0,3,1,0,0,0,0,0,0,0,0,0,0,0,0,0,0,0,0,0,0,0,0,0,3,0,0,0,0,0,0,0,0,0,0,0,0,0,0,0,0,0,0,0,0,0,0,0,0,0,0,0,0,0,0,0,0,0,0,1
"053 Sst Gaba",12,0,2,0,1,0,0,1,8,0,1,1,1,0,1,310,0,10,7,2,0,2,0,6,0,0,1,0,1,1,0,0,0,0,9,0,1,0,0,0,5,0,0,2,1,1,1,0,5,0,1,0,0,0,0,0,4,0,0,0,1,1,0,0,0,0,0,0,0,0,0,0,0,0,0,0
"054 STR Prox1 Lhx6 Gaba",2,0,0,0,0,1,0,0,7,0,0,0,0,0,0,457,0,5,3,0,0,1,0,1,0,0,0,0,0,0,0,0,0,0,8,0,0,0,0,0,4,0,0,0,0,0,0,1,0,0,0,0,0,0,0,0,10,0,0,0,0,0,0,0,0,0,0,0,0,0,0,0,0,0,0,0
"055 STR Lhx8 Gaba",8,0,0,0,0,0,0,0,5,0,0,0,1,0,0,249,0,4,0,0,0,2,0,0,0,0,0,0,0,0,0,0,0,0,2,0,0,0,0,0,0,0,0,0,0,1,0,1,0,0,0,0,0,0,0,0,0,1,0,0,0,0,0,0,0,0,0,0,0,0,0,0,0,0,0,0
"056 Sst Chodl Gaba",4,0,0,0,0,1,1,1,11,0,0,0,0,0,0,368,0,11,6,1,0,0,0,1,0,0,0,0,0,1,0,0,0,0,6,0,0,1,0,0,2,0,0,0,2,1,0,1,0,0,0,0,0,0,0,0,0,0,0,0,0,0,0,0,0,0,0,0,0,0,0,0,0,0,0,0
"057 NDB-SI-MA-STRv Lhx8 Gaba",36,0,9,2,0,0,4,0,53,0,0,5,6,0,2,221,0,37,28,1731,0,2,0,12,0,0,1,1,0,1,0,0,4,0,30,1,3,1,0,35,21,0,0,0,6,1,0,0,0,0,0,5,0,0,0,0,6,0,0,1,0,1,0,0,0,0,0,0,0,0,0,0,0,0,0,0
"058 PAL-STR Gaba-Chol",0,0,0,0,0,0,0,0,0,0,0,0,0,0,0,10,0,2,4,26,0,0,0,0,0,0,0,0,0,0,0,0,0,0,2,0,0,0,0,1,0,0,0,0,0,0,0,0,0,0,0,405,0,0,0,0,0,0,0,0,0,0,0,0,0,0,0,0,0,0,0,0,0,0,0,0
"059 GPe-SI Sox6 Cyp26b1 Gaba",2,0,0,0,0,0,0,0,8,0,0,0,0,0,0,0,0,16,10,0,0,0,0,0,0,0,0,1,0,0,1,0,0,0,5,0,0,0,0,0,3,0,0,0,456,1,0,0,0,0,0,0,0,0,0,0,0,0,0,0,0,0,0,0,0,0,0,0,0,0,0,0,0,0,0,0
"060 OT D3 Folh1 Gaba",6,0,2,0,0,3,0,1,13,0,0,0,0,0,0,0,0,2,2,0,0,0,0,0,0,0,0,0,0,0,0,0,0,0,1,0,0,0,0,0,0,0,1,0,0,0,0,0,0,1,230,0,0,0,0,0,0,0,0,0,0,0,0,0,0,2,0,0,0,0,0,0,0,0,0,0
"061 STR D1 Gaba",2,0,17,0,0,2985,0,27,507,0,0,0,0,0,1,0,0,72,85,0,0,0,0,0,0,0,0,1,0,0,0,0,0,0,31,3,0,0,0,0,0,0,0,0,0,0,0,0,0,0,232,0,0,0,0,0,1,0,0,0,0,0,0,0,0,0,0,0,0,0,0,0,0,0,0,0
"062 STR D2 Gaba",3,0,76,0,0,116,0,2633,552,0,0,0,0,1,1,0,0,80,96,0,0,0,1,0,0,0,0,3,0,0,0,0,0,0,33,1,0,0,0,0,1,0,0,0,0,0,1,0,0,0,9,1,0,0,0,0,1,0,0,0,0,0,2,0,0,0,0,0,0,0,0,0,0,0,0,0
"063 STR D1 Sema5a Gaba",1,0,8,0,0,7,0,10,40,0,0,0,0,0,370,0,0,6,8,0,0,0,0,0,0,0,0,0,0,0,0,0,0,0,11,0,0,0,0,0,1,0,0,0,0,0,0,0,0,0,1,0,0,0,0,0,0,0,0,0,0,0,0,0,0,4,0,0,0,0,0,0,0,0,0,0
"064 STR-PAL Chst9 Gaba",4,0,21,0,1,2,0,3,37,0,0,0,0,0,1723,1,0,27,29,0,0,0,0,3,0,1,0,0,0,0,0,0,1,0,11,0,1,0,0,0,10,0,0,0,0,1,0,1,0,0,1,0,0,0,0,0,6,0,0,0,0,1,0,0,0,154,0,0,0,0,0,0,0,0,0,0
"065 IA Mgp Gaba",10,0,56,0,0,0,0,0,7,0,0,0,0,0,41,0,0,5,3,1,0,0,0,1,0,0,0,0,0,0,0,0,0,0,2,1,0,0,0,0,0,0,0,0,14,0,0,0,0,0,1,0,0,0,0,0,22,0,0,0,0,0,0,0,0,3,0,0,0,0,0,0,0,0,0,0
"066 NDB-SI-ant Prdm12 Gaba",15,0,46,1,0,2,0,0,35,0,0,2,2,13,11,3,0,7,11,8,0,3,0,8,0,1,0,0,0,0,0,1,1,0,14,1,0,0,0,0,0,0,0,0,1,0,0,1,0,0,0,2,0,0,0,0,12,0,0,0,0,0,0,0,0,0,0,0,0,0,1,0,0,0,0,0
"067 LSX Sall3 Pax6 Gaba",11,0,0,0,0,0,0,0,1,0,0,0,0,0,0,0,0,3,0,0,0,2,0,46,0,0,0,0,0,0,0,0,0,0,0,0,0,0,0,0,0,0,0,0,0,1,0,0,0,1,0,0,0,0,0,0,1,0,0,0,0,0,0,0,0,0,0,0,0,0,0,0,0,0,0,0
"068 LSX Otx2 Gaba",7,0,5,0,0,0,0,0,1,0,0,3,2,0,0,1,0,4,3,0,0,3,0,72,0,0,0,0,0,0,0,1,4,0,0,0,0,0,0,1,2,0,0,0,0,8,0,0,0,0,0,0,0,0,0,0,12,0,0,0,0,0,0,0,0,1,0,0,0,0,1,0,0,0,0,0
"069 LSX Nkx2-1 Gaba",11,0,21,1,3,0,2,0,1,0,0,3,5,0,0,1,1,0,2,0,0,1,0,36,0,2,0,1,0,0,0,1,0,0,1,0,0,0,0,0,4,0,0,0,0,8,0,0,0,0,0,0,0,0,0,0,8,0,0,0,0,0,0,0,0,0,0,0,0,0,0,0,0,0,0,0
"070 LSX Prdm12 Slit2 Gaba",6,0,10,0,0,2,0,0,6,0,0,0,0,1,4,0,0,3,1,0,0,1,0,34,0,0,0,0,1,1,0,0,0,0,4,0,1,0,0,0,0,1,0,0,0,1,0,0,0,0,0,0,0,0,0,0,5,0,0,0,0,0,0,0,0,1,0,0,0,0,0,0,0,0,0,0
"071 LSX Prdm12 Zeb2 Gaba",0,0,2,0,0,0,0,0,0,0,0,0,0,0,1,0,0,1,1,0,0,0,0,29,0,0,0,0,0,0,0,0,1,0,0,0,0,0,0,0,0,0,0,0,0,1,0,0,0,0,0,0,0,0,0,0,3,0,0,0,0,0,0,0,0,0,0,0,0,0,0,0,0,0,0,0
"072 LSX Sall3 Lmo1 Gaba",0,0,3,0,0,0,0,0,0,0,0,0,0,0,0,0,0,0,1,0,0,0,0,17,0,0,0,0,0,0,0,0,0,0,0,0,0,0,0,0,0,0,0,0,0,0,0,0,0,0,0,0,0,0,0,0,3,0,0,0,0,0,0,0,0,0,0,0,0,0,0,0,0,0,0,0
"073 MEA-BST Sox6 Gaba",138,0,36,3,11,1,0,3,30,0,0,7,5,0,6,12,0,30,35,3,0,175,2,33,0,50,1,5,0,2,1,2,8,0,37,6,2,3,0,0,25,0,2,0,132,0,0,1,6,0,0,1,0,0,0,1,854,0,1,0,4,0,0,0,0,0,0,0,0,0,0,0,0,0,0,0
"074 MEA-BST Lhx6 Sp9 Gaba",103,0,37,1,8,0,0,2,13,0,0,3,5,0,2,105,0,21,21,0,0,3,1,36,0,10,1,0,0,0,0,11,5,0,9,0,1,2,0,0,10,0,3,0,0,8,0,0,0,0,0,0,0,0,0,0,752,0,0,0,0,0,0,0,0,0,0,2,0,0,0,0,0,0,0,0
"075 MEA-BST Lhx6 Nr2e1 Gaba",40,0,7,0,1,0,2,1,6,0,0,1,2,0,0,184,0,3,12,1,0,0,0,8,0,2,0,1,1,1,0,6,0,0,4,1,0,0,0,0,2,0,0,0,0,1,0,1,0,0,0,0,0,0,0,0,68,0,0,0,0,0,0,0,0,0,0,0,0,0,1,0,0,0,0,0
"076 MEA-BST Lhx6 Nfib Gaba",96,0,2,0,3,0,1,1,5,0,0,1,0,0,1,25,0,25,19,0,0,0,0,42,0,1,0,0,0,1,0,1,2,0,6,0,1,0,0,0,8,1,0,0,0,24,1,1,0,0,0,0,0,0,0,0,857,1,0,0,0,0,1,0,0,1,0,1,0,0,0,0,0,0,0,0
"077 CEA-BST Gal Avp Gaba",4,0,1,0,0,0,1,0,0,0,0,0,1,0,0,0,0,2,0,0,0,0,0,0,0,0,0,0,0,0,0,37,0,0,0,0,0,0,0,0,0,0,0,0,0,0,0,0,0,0,0,0,0,0,0,0,0,0,0,0,0,0,0,0,0,0,0,0,0,0,0,0,0,0,0,0
"078 SI-MA-ACB Ebf1 Bnc2 Gaba",9,0,53,0,0,3,1,0,6,0,0,1,24,4,1,0,0,0,4,0,0,3,0,5,0,0,0,0,0,0,0,2,2,0,4,0,0,1,0,1,2,0,0,0,0,0,0,0,0,0,0,1,0,0,0,0,2,0,0,0,0,0,0,0,0,0,0,2,0,0,0,1,0,0,0,0
"079 CEA-BST Six3 Cyp26b1 Gaba",39,0,390,0,0,4,0,70,22,0,0,0,0,0,0,1,0,7,16,0,0,0,1,0,0,1,1,0,0,0,0,1,0,0,3,0,0,1,0,0,4,0,0,0,0,0,0,0,0,0,0,0,0,0,0,0,8,0,0,0,0,0,0,0,0,0,0,0,0,0,0,0,0,0,0,0
"080 CEA-AAA-BST Six3 Sp9 Gaba",88,0,509,0,5,3,0,33,54,0,0,5,3,2,28,0,0,25,31,1,0,4,0,7,0,8,0,2,0,0,0,0,1,0,11,0,0,1,0,1,7,0,5,1,1,0,0,0,0,0,2,0,0,1,0,0,258,0,0,0,1,0,0,0,0,4,0,2,0,0,1,0,0,0,0,2
"081 ACB-BST-FS D1 Gaba",17,0,190,0,2,11,1,4,42,0,0,1,1,0,1,1,0,6,16,0,0,0,0,3,0,3,0,0,0,0,0,0,0,0,7,0,0,2,0,0,3,0,0,0,0,2,0,0,0,0,3,1,0,0,0,0,10,0,0,0,1,0,0,0,1,0,0,1,0,0,0,0,0,0,0,0
"082 CEA-BST Ebf1 Pdyn Gaba",89,0,831,0,4,3,1,2,57,0,0,0,2,0,5,0,0,15,27,3,0,2,0,3,0,3,0,0,0,0,0,0,0,0,6,1,0,1,0,0,10,0,0,0,1,3,0,0,0,0,0,0,0,0,0,0,10,0,0,0,0,0,0,0,0,0,0,1,0,0,0,0,0,0,0,0
"083 CEA-BST Rai14 Pdyn Crh Gaba",5,0,76,0,0,0,3,2,8,0,0,0,1,0,0,0,0,3,5,0,0,0,0,3,0,0,0,0,0,0,0,3,1,0,2,0,0,0,0,0,0,0,0,0,0,0,0,0,0,0,0,0,0,0,0,0,2,0,0,0,0,0,0,0,0,0,0,0,0,0,0,0,0,0,0,0
"084 BST-SI-AAA Six3 Slc22a3 Gaba",22,0,185,0,0,0,0,0,9,0,0,0,10,3,2,1,0,6,5,0,0,1,0,2,0,1,0,0,0,0,0,0,0,0,3,1,1,0,0,0,2,0,0,0,0,2,0,0,0,0,0,0,0,0,0,0,7,0,0,0,0,0,0,0,0,0,0,0,0,0,0,0,0,0,0,1
"085 SI-MPO-LPO Lhx8 Gaba",64,1,57,6,3,0,2,0,14,0,0,4,43,1,1,9,1,15,19,56,0,3,0,31,0,1,0,0,0,1,1,39,2,0,12,2,1,1,0,497,6,3,2,0,1,49,0,0,0,0,0,10,1,0,0,0,13,1,0,0,0,0,0,0,1,0,1,4,0,0,0,0,0,0,0,0
"086 MPO-ADP Lhx8 Gaba",42,0,5,13,2,0,5,0,14,0,1,11,128,2,1,1,0,15,9,1,0,4,0,64,0,0,0,1,0,0,0,21,1,0,11,0,0,1,0,252,5,0,0,0,0,26,0,1,0,1,0,0,0,0,0,0,6,2,0,0,0,0,0,0,2,0,0,0,0,0,0,0,0,0,0,0
"087 MPN-MPO-LPO Lhx6 Zfhx3 Gaba",23,0,0,0,1,0,2,0,3,0,0,5,18,2,0,0,1,6,8,0,0,1,0,36,0,0,0,0,0,0,0,5,0,0,0,0,0,0,0,4,1,0,0,0,0,10,0,0,0,1,0,0,0,0,0,1,209,0,0,0,0,0,0,0,0,0,0,1,0,0,0,0,0,0,0,0
"088 BST Tac2 Gaba",31,0,70,3,2,0,3,0,6,0,0,2,11,0,1,0,0,14,12,0,0,0,0,13,0,1,0,1,0,0,0,319,6,0,1,2,0,0,0,1,4,0,0,0,0,4,0,0,0,1,0,0,0,0,0,0,14,0,0,0,0,0,0,0,0,1,0,2,0,0,0,0,0,0,0,0
"089 PVR Six3 Sox3 Gaba",69,0,4,11,4,0,5,0,2,0,0,46,15,2,1,2,1,12,14,1,0,2,0,516,0,0,3,0,0,3,0,3,19,0,2,0,1,0,0,1,9,1,1,0,0,28,8,0,0,1,0,0,0,0,0,0,2,0,0,0,0,0,0,0,0,0,1,0,0,0,1,0,0,0,0,0
"090 BST-MPN Six3 Nrgn Gaba",96,0,74,13,26,0,10,0,11,0,1,193,45,23,1,1,1,15,22,1,0,16,0,181,0,12,7,0,0,0,2,30,12,0,11,0,3,3,0,3,13,2,0,0,0,60,0,1,0,2,0,1,1,1,0,0,323,0,0,1,3,0,0,0,1,0,0,5,0,0,1,0,0,0,0,0
"091 ARH-PVi Six6 Dopa-Gaba",8,0,0,0,0,0,0,0,0,0,0,38,0,0,1,0,0,1,0,0,0,0,0,0,0,0,0,0,0,0,0,0,0,0,0,0,1,0,0,0,0,0,0,0,0,62,0,0,0,0,0,0,0,0,0,0,0,0,0,0,0,0,0,0,0,0,0,0,0,0,0,0,0,0,0,0
"092 TMv-PMv Tbx3 Hist-Gaba",3,1,0,0,0,0,2,0,0,0,0,0,43,0,0,0,0,3,0,0,0,0,0,1,0,0,0,0,0,0,0,0,0,0,2,0,0,0,0,0,0,0,0,0,0,6,0,0,0,0,0,0,0,0,0,0,0,212,0,0,0,0,0,0,0,0,0,0,0,0,0,0,0,0,0,0
"093 RT-ZI Gnb3 Gaba",23,0,4,1,2,0,1,1,49,0,1,2,1,29,4,0,0,102,87,1,0,27,0,2,0,1,0,2,0,0,2,0,0,0,4,3,807,0,0,0,6,0,0,2,0,1,0,0,0,0,0,1,0,383,0,0,0,0,0,0,0,1,0,0,0,0,0,0,0,0,0,1,0,0,0,3585
"094 SCH Six6 Cdc14a Gaba",27,0,0,3,4,0,0,1,1,0,1,18,2,0,0,0,0,13,7,0,0,0,0,189,0,1,0,0,0,1,0,2,2,0,3,0,0,0,0,0,5,2,0,0,1,11,565,0,0,0,0,0,0,0,0,0,2,0,0,0,1,0,0,0,0,0,0,1,0,0,0,58,0,0,0,1
"095 DMH Prdm13 Gaba",20,0,2,0,0,0,0,0,0,0,0,0,0,0,1,0,0,0,4,0,0,0,0,17,0,0,0,0,0,0,0,0,1,0,2,0,0,0,0,0,1,0,0,0,0,132,0,0,0,0,0,0,0,0,0,0,3,0,0,0,0,0,0,0,0,0,0,1,0,0,1,0,0,0,0,0
"096 PVHd Gsc Gaba",2,0,9,0,1,0,0,0,0,0,0,4,3,2,0,0,0,1,1,0,0,0,0,2,0,0,0,0,0,0,0,0,0,0,0,0,0,1,0,0,0,0,0,0,0,1,0,0,0,0,0,0,0,0,0,0,2,0,0,0,0,0,0,0,0,0,0,0,0,0,0,0,0,0,0,0
"097 PVHd-SBPV Six3 Prox1 Gaba",147,0,12,5,9,0,1,0,28,0,1,24,17,213,0,1,0,31,38,2,0,520,4,252,0,3,1,2,0,0,2,2,9,0,48,2,12,0,0,0,16,0,1,0,0,12,17,3,0,0,0,0,0,14,0,0,14,0,0,0,7,0,0,0,0,0,0,3,0,0,0,1,0,0,0,3
"098 AHN-SBPV-PVHd Pdrm12 Gaba",206,1,34,12,17,3,6,1,25,0,1,598,120,57,3,0,3,36,27,0,0,17,0,880,0,5,2,2,0,0,2,10,5,1,16,1,16,2,0,0,16,3,0,0,0,10,5,1,0,0,0,2,0,3,0,0,47,0,1,1,1,0,0,0,0,0,1,2,0,0,1,1,0,0,0,0
"099 SBPV-PVa Six6 Satb2 Gaba",74,0,11,27,4,0,7,0,10,0,0,26,37,6,2,2,2,20,24,0,0,0,0,423,0,3,2,1,0,2,1,2,5,0,10,1,4,0,0,2,2,5,1,0,0,229,2,1,0,1,0,0,0,0,0,0,6,0,0,0,2,0,0,0,0,0,0,5,0,0,0,0,0,0,0,0
"100 AHN Onecut3 Gaba",160,0,10,15,13,0,2,0,15,0,0,1159,26,20,2,3,4,29,25,2,0,1,1,183,0,0,2,2,0,0,1,1,1,0,17,0,11,1,0,2,15,2,0,0,0,8,3,0,0,0,1,2,1,0,0,0,8,0,0,0,2,0,1,0,0,0,0,2,0,0,1,0,0,0,0,0
"101 ZI Pax6 Gaba",476,0,57,65,13,1,28,2,46,0,2,80,1153,1832,5,6,5,119,82,11,0,593,5,124,0,5,9,5,3,0,13,28,3,0,91,7,77,1,0,10,36,0,2,1,1,24,0,2,0,0,0,6,4,9,0,2,19,1,1,8,5,3,0,1,0,3,0,14,0,0,2,0,0,1,0,8
"102 DMH-LHA Gsx1 Gaba",115,0,2,3,0,0,3,0,7,0,0,0,25,1,1,0,0,16,17,0,0,93,0,34,0,1,2,0,0,0,1,2,5,0,2,1,3,0,0,0,4,0,1,0,0,896,0,0,0,0,0,0,0,0,0,1,0,0,0,0,0,0,0,0,0,0,0,4,0,0,0,0,0,0,0,0
"103 PVHd-DMH Lhx6 Gaba",130,0,5,5,4,0,4,0,12,0,4,7,272,3,0,49,1,28,28,5,0,110,0,52,0,0,2,0,0,1,5,2,2,0,38,1,4,0,0,39,22,0,2,0,1,20,0,2,1,0,0,3,0,1,0,1,5,0,0,0,1,1,1,0,0,0,0,17,0,0,2,0,0,0,0,0
"104 TU-ARH Otp Six6 Gaba",129,1,121,5,0,1,0,3,6,0,0,5,7,1,3,0,0,21,19,1,0,49,1,42,0,1,1,1,0,0,0,1,892,0,7,1,0,0,0,0,9,1,0,0,0,109,0,1,0,0,1,1,0,0,0,0,17,1,0,0,0,0,0,0,0,0,0,0,0,0,0,0,0,0,0,0
"105 TMd-DMH Foxd2 Gaba",18,0,1,0,0,0,0,0,0,0,0,3,6,0,0,0,0,7,2,0,0,0,0,20,0,0,0,0,0,1,1,0,3,0,0,0,0,0,0,0,1,9,0,0,0,20,0,0,0,0,0,0,0,0,0,0,0,109,0,0,0,0,0,0,1,0,0,0,0,0,0,0,0,0,0,0
"106 PVpo-VMPO-MPN Hmx2 Gaba",89,0,23,7,9,1,7,0,10,0,0,8,29,0,1,0,0,21,20,0,0,1,0,164,0,1,2,0,0,1,0,659,3,0,3,0,3,0,0,3,6,2,0,0,0,283,0,0,0,0,0,0,0,0,0,0,11,0,0,0,1,0,0,0,0,2,0,4,0,0,1,0,0,0,0,1
"107 DMH Hmx2 Gaba",168,1,10,24,7,0,2,0,17,0,0,8,430,5,6,2,5,30,25,1,0,12,1,109,0,1,1,0,0,2,1,50,188,0,21,0,4,1,0,3,20,22,1,0,0,647,0,1,0,0,0,1,0,0,0,2,13,21,0,0,4,2,0,0,0,0,0,9,0,0,0,0,0,0,0,0
"108 ARH-PVp Tbx3 Gaba",65,0,0,0,1,0,0,0,3,0,0,0,1,1,1,0,0,11,18,0,0,5,0,24,0,0,0,0,0,0,1,0,29,0,4,0,1,0,0,1,15,1,0,0,0,392,0,1,0,0,0,1,0,0,0,0,2,4,0,0,1,0,0,0,0,0,0,1,0,0,0,0,0,0,0,0
"109 LGv-ZI Otx2 Gaba",112,0,39,20,5,0,5,0,30,0,8,1,519,15,0,1,6,30,30,3,1,24,3,69,0,2,9,4,3,0,1,2,0,0,123,3,24,0,0,0,9,2,0,1,1,1,0,2,0,0,0,0,1,1,1,0,7,1,1,0,0,2,0,1,0,2,1,10,0,1,1,0,0,0,0,0
"110 BST-po Iigp1 Glut",3,0,0,10,1,0,1,1,3,0,0,0,1,0,0,0,0,5,0,0,0,0,0,0,0,0,1,0,0,0,1,0,0,0,0,0,0,1,0,0,0,0,0,0,0,0,0,0,0,144,0,0,0,0,0,0,0,0,0,0,0,0,0,0,0,1,0,1,0,0,0,0,0,0,0,0
"111 TRS-BAC Sln Glut",5,0,0,33,0,0,3,2,2,0,3,0,0,0,1,0,0,6,5,0,0,0,0,2,0,0,0,0,0,0,0,0,0,0,0,0,0,0,0,0,3,0,0,0,0,0,0,0,0,330,0,1,0,0,0,0,0,0,0,0,0,0,0,0,0,0,0,6,0,0,0,0,0,0,0,0
"112 GPi Tbr1 Cngb3 Gaba-Glut",22,0,0,0,2,0,4,0,5,0,0,0,1,1,0,0,0,3,6,0,0,0,0,0,0,0,1,0,0,0,0,0,0,0,2,0,1,0,0,0,1,0,0,0,0,0,0,0,1,1,0,0,0,0,0,0,0,0,0,297,0,0,0,0,1,0,0,0,0,0,0,0,0,0,0,0
"113 MEA-COA-BMA Ccdc42 Glut",60,0,6,0,4,0,0,0,1,0,0,0,0,0,0,0,1,11,4,0,0,0,0,0,0,509,0,0,0,0,0,0,0,0,3,0,1,31,0,0,0,0,0,0,0,0,0,0,0,0,0,0,0,0,0,0,7,0,0,0,0,0,0,0,0,0,0,0,0,0,0,0,0,0,1,0
"114 COAa-PAA-MEA Barhl2 Glut",56,0,13,3,6,3,11,1,16,0,0,2,0,0,5,0,1,30,15,2,0,0,2,8,0,80,7,4,0,1,2,0,0,0,10,2,0,880,0,0,5,0,0,0,0,2,0,0,0,0,0,1,0,0,0,0,5,0,1,0,2,0,1,0,0,0,0,2,0,0,0,0,0,0,0,0
"115 MS-SF Bsx Glut",21,0,3,116,3,0,2,0,7,0,0,6,10,4,0,2,1,5,5,1,0,1,0,38,0,2,5,0,0,3,0,0,4,0,13,1,0,1,0,2,6,1,0,0,0,5,0,1,0,0,0,0,3,0,0,0,2,0,1,0,0,0,0,0,0,0,0,8,0,0,1,0,0,0,0,0
"116 AVPV-MEPO-SFO Tbr1 Glut",13,0,1,101,3,0,37,0,2,0,0,0,1,0,1,0,0,5,2,0,0,1,0,11,0,8,4,0,0,0,0,0,0,0,0,0,0,17,0,0,0,1,0,0,0,12,0,0,0,0,0,0,0,0,0,0,0,0,0,0,0,0,0,0,1,0,0,0,0,0,0,0,0,0,0,0
"117 LHA Barhl2 Glut",61,0,10,134,9,1,558,0,12,0,1,2,13,2,2,0,1,11,12,0,0,0,0,13,0,2,8,1,0,0,1,3,0,0,17,0,1,9,0,0,7,2,1,1,0,4,0,1,0,9,0,0,0,0,0,0,2,0,0,13,0,0,0,0,6,0,0,55,0,0,1,0,0,0,0,0
"118 ADP-MPO Trp73 Glut",43,0,5,14,3,0,94,0,7,0,0,0,12,0,2,1,1,5,4,0,0,0,0,16,0,0,0,0,0,0,2,0,0,0,6,0,0,15,0,0,3,0,0,0,0,3,0,0,0,1,0,0,0,0,0,0,1,0,0,0,0,0,0,0,221,0,0,6,1,0,0,0,0,0,0,0
"119 SI-MA-LPO-LHA Skor1 Glut",168,0,17,15,16,1,1464,4,38,0,1,0,22,3,6,1,3,34,25,5,0,7,1,20,0,12,2,2,3,4,1,2,2,0,51,6,2,13,0,0,14,4,2,0,1,10,1,0,0,3,0,0,0,3,0,1,6,0,0,0,3,0,0,1,5,2,0,12,0,1,0,0,0,0,0,0
"120 MEA Otp Foxp2 Glut",13,0,1,0,0,0,0,0,4,0,0,0,0,0,1,0,0,4,4,0,0,0,0,0,0,206,1,0,0,1,0,0,0,0,1,0,1,19,0,0,1,0,0,0,0,0,0,0,0,0,0,0,0,0,0,0,3,0,0,0,1,0,0,0,0,0,0,0,0,0,1,0,0,0,0,0
"121 MEA-BST Otp Zic2 Glut",19,0,0,8,1,0,6,0,2,0,0,0,3,0,0,0,0,4,6,0,0,0,0,4,0,162,1,0,0,0,1,0,0,0,3,0,0,26,0,0,1,0,0,0,0,0,1,0,0,0,0,0,0,0,0,0,1,0,0,0,1,0,0,0,0,0,0,3,0,0,0,0,0,0,0,0
"122 LHA-MEA Otp Glut",11,0,2,55,3,0,3,0,1,0,0,0,0,0,1,0,0,1,2,0,0,0,0,2,0,49,1,0,0,0,0,0,0,0,1,0,0,0,0,0,1,0,0,0,0,1,0,0,0,0,0,0,0,0,0,0,2,0,0,0,0,0,0,0,0,0,0,2,0,0,0,0,0,0,0,0
"123 DMH Nkx2-4 Glut",16,0,1,0,1,0,0,0,0,0,0,0,1,0,0,0,0,4,7,0,0,0,0,13,0,0,0,0,0,0,0,0,0,0,1,0,0,0,0,0,1,2,0,0,0,157,0,0,0,0,0,0,0,0,0,0,1,0,0,0,0,0,0,0,0,0,0,1,0,0,0,0,0,0,0,0
"124 MPN-MPO-PVpo Hmx2 Glut",31,0,7,2,138,0,34,0,4,0,0,0,11,0,0,0,0,9,6,1,0,0,0,27,0,5,2,0,0,1,3,32,7,0,5,0,0,1,0,1,1,44,0,0,0,132,2,0,0,0,0,0,1,0,0,0,8,0,0,0,0,0,0,0,1,0,0,0,0,0,0,0,0,0,0,0
"125 DMH Hmx2 Glut",33,0,2,5,10,0,4,0,1,0,0,2,7,3,1,0,0,15,19,0,0,2,0,9,0,1,1,0,1,6,0,1,4,0,11,0,0,0,0,0,4,338,1,0,0,37,0,0,0,0,0,0,0,0,0,0,4,7,0,0,2,0,0,0,0,0,0,1,0,0,0,0,0,0,0,0
"126 ARH-PVp Tbx3 Glut",38,0,3,3,68,0,12,0,3,0,0,1,20,0,1,0,1,3,8,0,0,0,0,26,0,0,0,0,0,1,3,1,15,0,2,0,0,0,0,3,5,20,0,0,0,355,0,0,0,0,0,0,8,0,1,0,0,2,0,1,0,0,0,0,0,0,0,2,0,0,0,0,0,0,0,0
"127 DMH-LHA Vgll2 Glut",9,0,0,0,3,0,1,0,0,0,0,0,1,0,0,0,0,2,3,0,0,0,0,1,0,0,3,0,0,1,0,0,0,0,3,0,0,0,0,0,1,265,0,0,0,10,0,0,0,0,0,0,0,0,0,0,0,1,0,0,0,0,0,0,0,0,0,2,0,0,0,0,0,0,0,0
"128 VMH Fezf1 Glut",14,0,1,15,556,0,2,0,0,0,0,0,1,0,0,0,0,6,9,1,0,0,0,7,0,6,0,0,0,0,0,3,0,0,2,0,0,0,0,0,2,1,0,0,0,8,0,0,0,0,0,0,0,0,0,0,2,0,0,0,21,0,0,0,0,1,0,1,0,0,0,0,0,0,0,0
"129 VMH Nr5a1 Glut",28,0,4,2,2161,0,2,0,18,0,1,2,6,0,2,0,1,51,46,1,0,1,4,16,0,5,0,0,0,2,0,0,1,0,26,0,3,0,0,1,18,6,2,0,0,9,0,0,0,0,0,0,0,0,0,0,3,0,0,1,246,0,0,0,0,2,0,3,0,0,0,0,0,0,0,0
"130 LHA Pmch Glut",12,0,1,5,2,0,3,0,0,0,0,1,10,0,0,0,0,5,2,0,0,0,1,4,0,0,5,0,0,2,20,0,0,0,0,1,0,0,0,0,1,1,0,0,0,0,0,0,0,0,0,0,1,0,0,0,0,0,0,0,0,0,0,0,0,0,0,4,0,1,178,0,0,0,0,0
"131 LHA-AHN-PVH Otp Trh Glut",36,0,0,699,1,0,3,0,4,0,0,1,3,0,2,0,0,13,7,0,0,0,0,4,0,1,0,0,0,0,0,2,2,0,0,0,0,2,0,2,3,1,0,0,0,1,0,1,0,0,0,0,0,0,0,2,0,0,0,0,0,0,0,0,0,0,0,17,0,0,0,0,0,0,0,0
"132 AHN-RCH-LHA Otp Fezf1 Glut",111,0,10,1158,6,0,22,0,2,0,0,1,9,1,1,0,0,23,16,0,0,5,1,25,0,15,1,0,2,0,0,3,3,0,7,0,0,1,0,0,7,3,1,0,0,7,1,0,0,0,0,1,1,0,0,1,0,0,0,0,1,0,0,0,0,0,0,207,0,0,0,0,0,0,0,0
"133 PVH-SO-PVa Otp Glut",96,0,2,80,2,1,5,0,4,0,0,0,13,0,2,1,0,18,27,0,0,1,0,10,0,2,34,0,0,1,1,1,6,0,4,0,1,1,0,0,6,2,684,0,0,9,1,1,0,0,0,0,1,0,0,345,1,1,0,0,1,0,0,0,0,0,0,428,0,0,1,0,0,0,0,0
"134 PH-ant-LHA Otp Bsx Glut",94,0,4,63,1,0,19,0,3,0,0,0,13,1,0,0,2,11,14,0,0,4,2,23,0,1,2,0,0,2,3,0,1,0,7,1,1,1,0,0,7,2,0,0,0,18,0,0,0,1,0,1,0,0,0,1,0,0,0,0,0,1,0,0,1,1,0,782,0,0,0,0,0,0,0,0
"135 STN-PSTN Pitx2 Glut",49,0,2,2,0,0,19,0,4,0,0,0,2,0,0,0,1,18,23,1,0,0,1,1,0,0,468,0,0,0,1,0,0,0,8,2,0,2,0,0,3,0,0,686,0,1,0,0,0,0,0,0,0,0,0,0,1,0,0,0,0,0,0,0,0,0,0,31,0,0,0,0,0,0,0,0
"136 PMv-TMv Pitx2 Glut",30,0,1,1,1,0,4,0,4,0,0,0,1,1,0,0,0,5,5,0,0,0,1,0,0,3,318,0,0,3,0,0,0,0,3,0,0,3,0,0,4,0,0,0,0,0,0,0,0,0,0,0,0,0,0,0,0,0,0,0,0,0,0,0,0,0,0,2,0,0,0,0,0,0,0,0
"137 PH-an Pitx2 Glut",13,0,0,5,0,0,0,0,1,0,1,0,2,0,0,0,0,3,1,0,0,2,0,4,0,1,0,0,0,0,3,0,0,0,0,0,0,0,0,0,0,0,0,0,0,0,0,0,0,0,0,0,0,0,0,0,0,0,0,0,0,0,0,0,0,0,0,124,0,0,0,0,0,0,0,0
"138 PH Pitx2 Glut",40,0,7,6,5,0,14,0,5,0,0,0,7,0,0,0,2,6,9,0,0,0,1,3,0,10,262,1,0,4,1,2,0,0,19,0,1,5,1,0,6,1,0,0,0,1,0,0,0,0,0,0,0,0,0,0,2,0,0,0,0,0,0,0,0,0,0,10,0,0,0,0,0,0,0,0
"139 PH-LHA Foxb1 Glut",47,1,4,15,5,0,4,0,2,0,1,4,39,1,1,1,1,8,16,2,0,0,0,14,0,6,13,1,0,4,351,0,0,0,26,0,2,2,0,1,8,1,1,1,1,1,0,1,0,0,0,0,2,0,0,1,4,0,0,0,0,0,0,0,0,0,1,97,0,0,0,0,0,0,0,0
"140 PMd-LHA Foxb1 Glut",12,1,2,9,6,0,9,0,1,0,0,0,1,1,0,0,0,6,8,0,0,0,1,0,0,3,3,0,0,1,324,0,0,0,1,0,0,1,0,0,1,1,0,0,0,2,0,0,0,0,0,0,0,0,0,0,0,0,0,0,0,0,0,0,0,0,0,20,0,0,0,0,0,0,0,0
"141 PH-SUM Foxa1 Glut",50,0,2,6,0,0,8,0,2,0,0,0,2,0,0,0,0,4,4,0,0,3,4,5,0,5,61,1,0,0,0,0,1,0,6,1,1,1,0,0,3,0,0,0,0,0,0,0,0,0,0,0,2,0,0,0,3,0,0,0,0,0,0,0,1,0,0,359,0,1,0,0,0,0,0,1
"142 HY Gnrh1 Glut",1,0,0,0,0,0,0,0,0,0,0,0,0,0,0,0,0,0,0,0,0,0,0,0,0,0,1,0,0,0,0,0,0,0,0,0,0,0,0,0,0,0,0,0,0,1,0,0,0,0,0,0,0,0,0,0,0,0,0,0,0,0,0,0,0,0,0,1,0,0,0,0,0,0,0,0
"143 MM-ant Foxb1 Glut",0,0,0,0,0,0,0,0,0,0,0,0,0,0,0,0,0,0,10,0,0,0,0,0,0,0,0,0,0,0,266,0,0,0,3,0,0,0,0,0,1,0,0,0,0,0,0,0,0,0,0,0,0,0,0,0,0,0,0,0,0,0,0,0,0,0,0,0,0,0,0,0,0,0,0,0
"144 MM Foxb1 Glut",0,0,0,0,1,0,0,0,2,0,0,0,0,0,0,0,0,2,2,1,0,0,0,0,0,0,0,0,1,0,230,0,0,0,2,0,0,0,0,0,0,0,0,0,0,0,0,0,0,0,0,0,0,0,0,0,0,0,0,0,0,0,0,0,0,0,0,0,0,0,0,0,0,0,0,0
"145 MH Tac2 Glut",0,0,0,0,0,0,0,0,0,0,0,0,0,0,0,0,0,0,1,0,0,0,0,0,0,0,0,0,0,0,0,0,0,0,0,0,0,0,0,0,1,0,0,0,0,0,0,0,0,0,0,0,180,0,0,0,0,0,0,0,0,0,0,0,0,0,0,0,0,0,0,0,0,0,0,0
"146 LH Pou4f1 Sox1 Glut",12,0,0,2,1,0,3,0,0,0,0,0,8,0,0,0,0,4,4,0,0,0,1,7,0,0,2,1,0,0,0,0,0,0,4,0,1,0,0,0,1,0,0,0,0,0,0,0,0,0,0,0,216,0,0,0,0,1,0,0,0,0,0,0,0,0,0,9,0,0,0,0,0,0,0,0
"147 AD Serpinb7 Glut",0,4,0,0,0,0,0,0,0,0,5,0,0,0,0,0,0,0,2,0,0,0,0,0,0,0,0,0,0,0,0,0,0,0,8,0,0,0,0,0,0,0,0,0,0,0,0,4,0,0,0,0,0,0,0,0,0,0,0,0,0,0,0,2,0,0,2,0,0,197,0,0,0,0,0,0
"148 AV Col27a1 Glut",0,0,0,0,0,0,0,1,0,0,84,0,0,0,0,0,0,0,3,0,2,0,0,0,0,0,0,0,0,0,0,0,0,10,36,0,2,0,894,0,0,0,0,0,0,0,0,17,0,0,0,0,0,0,0,0,0,0,0,0,0,0,0,3,0,0,8,0,0,5,0,0,0,0,0,0
"149 PVT-PT Ntrk1 Glut",1,1180,0,0,0,0,0,0,1,0,162,0,0,0,0,1,19,0,9,1,0,0,0,0,3,0,1,0,0,657,1,1,0,2,90,0,0,0,0,0,1,0,0,0,0,0,1,36,0,0,0,0,0,0,111,0,0,0,0,0,0,0,0,13,0,0,5,0,0,0,0,0,0,0,0,0
"150 CM-IAD-CL-PCN Sema5b Glut",0,3201,0,0,0,0,0,0,0,0,339,0,0,0,0,0,2,0,14,0,12,0,1,0,255,0,0,0,0,3,0,0,0,164,131,0,7,0,1,0,0,0,0,0,0,0,0,66,0,0,0,0,0,0,2,0,0,0,0,0,0,0,0,26,0,0,29,0,0,0,0,0,0,0,1,0
"151 TH Prkcd Grin2c Glut",2,640,0,0,0,0,0,0,0,2418,1494,0,1,0,0,0,234,0,6,0,1830,0,1,0,1431,0,0,0,2,0,0,0,0,1073,1028,1,20,0,35,0,0,0,0,0,0,0,0,267,0,0,0,0,0,0,164,0,0,0,0,0,0,0,0,200,0,0,142,0,201,1,0,0,0,0,3663,0
"152 RE-Xi Nox4 Glut",7,77,0,1,1,1,1,0,0,27,240,0,2,0,1,0,1779,7,23,0,87,0,4,0,34,0,1,2,5,41,0,0,0,35,520,3,5,0,1,0,2,0,1,0,0,2,0,65,0,0,0,2,0,0,108,0,0,0,1,1,1,1,0,22,0,1,25,2,11,1,0,0,0,0,1,1
"153 MG-POL-SGN Nts Glut",1,1,0,0,0,0,0,0,0,1,1,0,0,0,0,0,4,0,0,0,1,0,0,0,0,0,0,0,0,3,0,0,0,0,24,0,0,0,0,0,0,0,0,0,0,1,0,1,0,0,0,0,0,0,1,0,0,0,0,0,0,0,0,0,0,0,0,0,0,0,0,0,0,0,0,0
"154 PF Fzd5 Glut",1,2,0,0,0,0,0,0,0,0,3,0,0,0,0,0,7,1,24,1,0,0,1,1,0,0,0,0,1441,9,0,0,0,0,79,1,5,1,0,0,1,0,0,0,1,0,0,6,0,0,0,0,0,0,1,0,1,0,0,0,0,222,0,0,0,0,6,0,3,0,0,0,0,0,2,0
"155 PRC-PAG Pax6 Glut",54,0,6,80,9,0,20,0,3,0,1,2,25,11,0,1,1,23,15,2,0,3,0,9,0,3,8,0,0,1,10,5,0,0,24,0,2,2,0,2,9,3,0,0,0,5,0,3,0,0,0,1,2,1,0,0,2,0,0,2,3,0,0,0,0,0,0,30,0,0,0,0,0,0,0,0
"156 MB-ant-ve Dmrta2 Glut",14,0,1,1,0,0,6,0,1,0,0,0,13,0,0,0,0,2,0,1,0,0,0,2,0,0,22,0,0,1,1,0,0,0,1,0,0,1,0,0,2,0,0,1,0,0,0,0,1,0,0,0,0,0,0,0,0,0,0,0,0,0,0,0,1,0,0,54,0,0,0,0,0,0,0,0
"157 RN Spp1 Glut",6,0,0,0,0,0,5,0,5,0,0,0,18,0,0,1,1,8,2,1,0,0,0,0,0,0,1,0,0,0,5,0,0,0,22,0,0,0,0,0,1,0,0,1,0,0,0,2,0,0,0,1,2,0,0,0,0,0,0,0,0,0,0,0,0,0,0,10,0,0,0,0,0,0,0,0
"158 MRN-PAG Nkx6-1 Glut",5,0,0,2,0,0,1,0,0,0,0,0,1,0,0,0,0,0,0,0,0,1,0,0,0,0,3,0,0,0,0,0,0,0,3,0,0,0,0,0,0,0,1,0,0,0,0,0,0,0,0,0,0,0,0,0,0,0,0,1,0,0,0,0,0,1,0,4,0,0,0,0,0,0,0,0
"159 IF-RL-CLI-PAG Foxa1 Glut",28,0,0,6,0,0,0,0,0,0,0,0,0,0,0,0,0,9,7,0,0,0,0,3,0,1,15,1,0,0,0,0,0,0,4,0,0,0,0,0,5,0,0,0,1,1,0,0,0,0,0,0,0,0,0,0,0,0,0,0,0,0,0,0,0,0,0,79,0,0,0,0,0,0,0,0
"160 PAG-SC Neurod2 Meis2 Glut",17,0,0,4,0,0,0,0,2,0,0,0,1,1,0,0,0,7,2,0,0,0,0,4,0,1,0,0,0,0,0,0,0,0,8,0,1,0,0,0,5,0,0,0,0,2,0,0,0,0,0,0,0,0,0,0,0,0,0,0,0,0,0,0,0,0,0,9,0,0,0,0,0,0,0,0
"161 PAG Pou4f3 Glut",3,0,2,0,0,0,1,0,6,0,0,0,1,0,0,0,0,3,0,0,0,0,2,0,0,0,0,0,0,0,0,0,0,0,4,0,0,0,0,0,1,0,0,0,0,0,0,0,0,0,0,0,0,0,0,0,0,0,0,0,0,0,0,0,0,0,0,1,0,0,0,0,0,0,0,0
"162 CUN Evx2 Lhx2 Glut",3,1,1,7,0,0,3,0,0,0,0,0,2,1,0,0,0,2,2,0,0,0,0,1,0,0,1,0,0,0,1,1,1,0,1,0,0,0,0,0,1,1,0,0,0,2,0,0,0,1,0,0,0,0,0,0,0,0,0,0,0,0,0,0,0,0,0,3,0,0,0,0,0,0,0,0
"163 APN C1ql2 Glut",12,0,3,2,1,0,0,0,0,0,0,0,1,0,0,0,0,2,4,0,0,0,0,2,0,0,2,0,3,1,1,0,0,1,15,0,0,0,0,0,0,0,0,0,0,0,0,2,0,0,0,0,0,0,0,0,0,0,0,0,0,1,0,0,0,0,1,93,0,1,0,0,0,0,0,0
"164 APN C1ql4 Glut",9,0,2,4,1,0,2,0,1,0,0,0,27,1,0,0,0,3,3,0,0,0,0,5,0,2,1,0,2,0,1,0,0,1,2,0,0,0,0,0,0,0,1,0,0,0,0,0,0,0,0,0,3,0,0,0,0,0,0,1,0,0,0,0,0,0,0,103,0,0,0,0,0,0,0,0
"165 PAG-MRN Pou3f1 Glut",0,0,0,2,0,0,1,0,0,0,0,0,0,0,0,0,0,0,0,0,0,0,0,0,0,0,3,0,0,0,0,0,0,0,0,0,0,0,0,0,0,0,0,0,0,1,0,0,0,0,0,0,0,0,0,0,0,0,0,0,0,0,0,0,0,0,0,2,0,0,0,0,0,0,0,0
"166 MRN Pou3f1 C1ql4 Glut",8,0,3,19,0,0,4,0,1,0,0,0,12,1,0,0,0,5,3,0,0,0,0,1,0,0,2,0,0,1,0,0,0,0,6,0,0,0,0,0,0,0,0,1,0,1,0,0,0,0,0,0,11,0,0,0,0,0,0,0,0,0,0,0,0,0,0,26,0,0,0,0,0,0,0,0
"167 PRC-PAG Tcf7l2 Irx2 Glut",97,1,20,98,5,0,37,0,14,0,3,0,34,3,1,1,3,38,33,1,0,5,1,38,0,11,27,2,5,7,10,1,2,0,135,1,1,2,0,0,9,1,7,0,1,3,1,9,0,0,0,0,13,0,0,1,2,2,0,0,2,8,0,0,0,0,2,254,0,1,0,0,0,0,0,0
"168 SPA-SPFm-SPFp-POL-PIL-PoT Sp9 Glut",178,18,8,62,14,0,20,0,11,0,31,4,38,1,3,2,62,51,54,0,1,12,11,50,2,23,28,4,37,551,9,2,6,0,264,6,6,14,1,0,22,9,6,0,0,14,0,17,0,1,0,0,6,0,1,1,3,0,1,0,6,14,0,5,1,0,11,359,0,2,2,0,0,0,0,0
"169 PAG-SC Pou4f1 Zic1 Glut",9,1,9,8,7,0,12,0,4,0,0,2,13,4,0,0,1,2,2,0,0,0,0,8,0,5,2,1,0,0,2,1,0,0,18,0,0,3,0,1,3,0,0,0,0,2,0,0,0,0,0,0,1,0,0,0,0,0,0,0,0,0,0,1,0,1,0,7,0,0,0,0,0,0,0,0
"170 PAG-MRN Tfap2b Glut",7,0,0,6,5,0,0,0,0,0,0,0,0,0,0,0,0,1,2,0,0,0,0,3,0,0,1,1,0,1,0,1,0,0,0,0,0,0,0,0,0,0,0,0,0,3,0,0,0,0,0,0,0,0,0,0,0,0,0,0,2,0,0,0,0,0,0,3,0,0,0,0,0,0,0,0
"171 PAG Pou4f1 Bnc2 Glut",0,0,0,4,1,0,3,0,0,0,0,0,0,0,0,0,0,0,0,0,0,0,0,0,0,0,1,0,0,0,0,0,0,0,0,0,0,0,0,0,0,0,0,0,0,0,0,0,0,0,0,0,0,0,0,0,1,0,0,0,0,0,0,0,0,0,0,3,0,0,0,0,0,0,0,0
"172 PAG Pou4f1 Ebf2 Glut",9,0,2,14,1,0,5,0,1,0,0,1,1,0,0,0,0,5,0,0,0,0,0,4,0,2,1,0,0,0,2,1,0,0,3,0,0,2,0,0,0,0,0,0,0,5,0,0,0,0,0,0,1,0,0,2,1,0,0,0,0,0,0,0,0,0,0,3,0,0,0,0,0,0,1,0
"173 PAG Pou4f2 Glut",10,0,11,29,9,0,8,0,0,0,0,2,9,1,0,0,2,5,4,1,0,1,1,5,0,3,4,0,0,0,0,2,2,0,14,1,0,1,0,1,2,0,0,1,0,6,0,0,0,0,0,0,0,0,0,0,2,0,0,0,1,0,0,0,0,0,0,10,0,0,0,0,0,0,0,0
"174 PAG Pou4f2 Mesi2 Glut",5,0,7,2,1,0,2,0,3,0,0,0,4,1,1,1,0,4,0,0,0,0,0,0,0,1,2,0,0,0,2,0,0,0,2,0,0,1,0,0,1,0,0,2,0,0,0,0,0,0,0,0,0,0,0,0,0,0,0,0,0,0,0,0,0,0,0,2,0,0,0,0,0,0,0,0
"175 SC Bnc2 Glut",0,0,0,1,0,0,0,0,2,0,0,1,2,0,0,0,0,7,1,0,0,0,0,0,0,1,1,0,0,0,0,0,0,0,6,0,0,0,0,0,1,0,0,0,0,0,0,0,0,0,0,0,0,0,0,0,0,0,0,0,0,0,1,0,0,0,0,1,0,0,0,0,0,0,0,0
"176 SCig Foxb1 Glut",7,0,5,3,0,1,3,0,7,0,2,1,2,0,0,1,0,15,3,2,0,1,0,2,1,0,1,1,1,0,2,1,0,0,23,0,0,1,0,0,3,0,0,0,0,1,0,2,0,0,0,0,1,1,0,0,0,0,0,0,1,1,1,1,0,0,0,4,0,0,0,0,0,0,1,0
"177 SCig-an-PPT Foxb1 Glut",33,1,14,7,4,0,4,0,11,0,2,1,6,0,2,1,4,32,22,2,0,1,4,2,0,13,10,9,5,3,7,1,0,0,262,5,8,1,1,1,7,0,3,0,0,2,0,6,0,1,0,1,3,2,0,0,2,0,0,0,3,5,3,0,1,2,2,5,0,0,1,0,0,0,0,0
"179 SCdg-PAG Tfap2b Glut",0,0,0,0,0,0,0,0,0,0,0,0,0,0,0,0,0,0,0,0,0,0,0,1,0,0,0,0,0,0,0,0,0,0,0,0,0,0,0,0,0,1,0,0,0,0,0,0,0,0,0,0,0,0,0,0,0,0,0,0,0,0,0,0,0,0,0,0,0,0,0,0,0,0,0,0
"180 SCiw Pitx2 Glut",1,0,0,0,0,0,0,0,0,0,0,0,0,0,0,0,0,0,0,0,0,0,0,2,0,0,0,0,0,0,0,0,0,0,0,0,0,0,0,0,0,0,0,0,0,0,0,0,0,0,0,0,0,0,0,0,0,0,0,0,0,0,0,0,0,0,0,2,0,0,0,0,0,0,0,0
"181 IC Tfap2d Maf Glut",8,0,13,2,6,2,3,2,29,0,0,3,0,0,0,0,1,4,2,0,0,0,1,5,0,7,7,1,0,1,2,1,1,0,50,0,0,4,0,0,1,0,0,0,0,2,0,0,0,0,0,2,0,0,0,0,1,0,0,0,0,0,0,0,0,0,0,1,0,0,0,0,0,0,1,1
"182 CUN-PPN Evx2 Meis2 Glut",2,0,0,1,1,0,2,0,0,0,0,0,1,2,0,0,0,1,1,0,0,0,0,2,0,0,1,0,0,1,1,0,0,0,0,0,0,0,0,0,0,0,1,0,0,1,0,0,0,0,0,0,0,0,0,0,0,0,0,0,0,0,0,0,1,0,0,2,0,0,0,0,0,0,0,0
"184 PAG Tcf24 Glut",1,0,0,0,0,0,0,0,0,0,0,14,0,0,0,0,0,0,0,0,0,0,0,0,0,0,0,0,0,0,0,0,1,0,0,0,0,0,0,0,0,0,0,0,0,0,0,0,0,0,0,0,0,0,0,0,0,0,0,0,0,0,0,0,0,0,0,2,0,0,0,0,0,0,0,0
"185 SCig Tfap2b Chrnb3 Glut",0,0,0,0,0,0,1,0,0,0,0,0,1,0,0,0,0,0,0,0,0,0,0,0,0,0,0,0,0,0,0,0,0,0,0,0,0,0,0,0,0,0,0,0,0,0,0,0,0,1,0,0,0,0,0,0,0,0,0,0,0,0,0,0,0,0,0,0,0,0,0,0,0,0,0,0
"186 SCop Pou4f2 Neurod2 Glut",0,0,0,1,0,0,0,0,0,0,0,0,0,0,0,0,0,1,0,0,0,0,0,0,0,2,0,0,0,0,0,0,0,0,0,0,0,1,0,0,0,0,0,0,0,0,0,0,0,0,0,0,0,0,0,0,0,0,0,0,0,0,0,0,0,0,0,0,0,0,0,0,0,0,0,0
"187 SCsg Pde5a Glut",0,0,0,0,0,0,0,0,1,0,0,0,0,0,0,0,0,0,0,0,0,0,0,0,0,0,0,0,0,0,0,0,0,0,1,0,0,0,0,0,0,0,0,0,0,0,0,0,0,1,0,0,0,0,0,0,0,0,0,0,0,0,0,0,0,0,0,1,0,0,0,0,0,0,0,0
"190 ND-INC Foxd2 Glut",6,0,0,1,0,0,0,0,1,0,0,0,1,0,0,1,0,0,0,0,0,0,0,0,0,0,1,0,1,0,0,0,0,0,0,0,0,0,0,0,1,0,0,0,0,0,0,0,0,0,0,0,0,0,0,0,0,0,0,0,0,0,0,0,0,0,0,73,0,0,0,0,0,0,0,0
"191 PAG-MRN Rln3 Gaba",0,0,0,0,0,0,0,0,0,0,0,0,2,0,0,0,0,0,0,0,0,0,0,1,0,0,1,0,0,0,0,0,0,0,0,0,0,0,0,0,1,0,0,0,0,1,0,0,0,0,0,0,0,0,0,0,0,0,0,0,0,0,0,0,0,0,0,0,0,0,0,0,0,0,0,0
"192 PPN-CUN-PCG Otp En1 Gaba",19,0,2,4,1,0,6,0,2,0,0,2,13,5,0,1,0,7,3,0,0,0,0,11,0,0,4,0,0,2,5,1,0,0,2,0,2,0,0,0,3,1,0,0,0,5,0,0,1,0,0,1,1,0,0,0,2,0,0,2,0,0,0,0,0,0,0,4,0,0,0,0,0,0,0,3
"193 MRN-PPN-CUN Pax8 Gaba",3,0,0,0,1,0,0,0,0,0,0,0,0,0,0,0,0,0,0,1,0,0,0,0,0,0,1,0,0,0,0,1,0,0,0,0,0,0,0,0,0,0,0,0,0,0,0,0,0,0,0,0,0,0,0,1,0,0,0,0,0,0,0,0,0,0,0,0,0,0,0,0,0,0,0,0
"194 MRN-VTN-PPN Pax5 Cdh23 Gaba",0,0,0,0,0,0,1,0,0,0,0,0,2,0,0,0,0,0,0,0,0,0,0,1,0,0,0,0,0,0,0,0,0,0,0,0,0,0,0,0,0,0,0,0,0,0,0,0,0,0,0,0,0,0,0,0,0,0,0,0,0,0,0,0,0,0,0,0,0,0,0,0,0,0,0,0
"195 SNr-VTA Pax5 Npas1 Gaba",0,0,0,0,0,0,0,0,0,0,0,0,1,0,0,0,0,0,0,0,0,0,0,0,0,0,0,0,0,0,0,0,0,0,0,0,0,0,0,0,0,0,0,0,0,0,0,0,0,0,0,0,0,0,0,0,0,0,0,0,0,0,0,0,0,0,0,0,0,0,0,0,0,0,0,0
"196 PAG-PPN Pax5 Sox21 Gaba",2,0,0,0,0,0,0,0,0,0,0,0,0,0,0,0,0,0,1,1,0,1,0,2,0,0,0,0,0,0,0,0,0,0,0,0,0,0,0,0,0,0,0,0,0,1,0,0,0,0,0,0,0,0,0,0,0,0,0,0,0,0,0,0,0,0,0,0,0,0,0,0,0,0,0,0
"197 SNr Six3 Gaba",2,0,0,0,0,0,0,0,1,0,0,0,19,0,0,0,0,1,0,0,0,0,0,1,0,0,0,0,0,0,0,0,0,0,0,0,0,0,0,0,1,0,0,0,0,0,0,0,0,0,0,0,1,0,0,0,0,0,0,0,0,0,0,0,0,0,0,0,0,0,0,0,0,0,0,0
"198 IC Six3 En2 Gaba",5,0,1,5,3,0,1,0,0,0,0,2,7,4,0,2,0,1,1,1,0,1,0,16,0,1,2,0,0,2,0,5,1,0,0,0,0,0,0,3,0,0,0,0,0,8,0,0,0,0,0,0,0,1,0,1,0,0,0,1,0,0,0,0,0,0,0,0,0,0,0,0,0,0,0,0
"199 PAG-MRN-RN Foxa2 Gaba",1,0,2,0,0,0,1,0,0,0,0,0,4,0,0,0,0,1,1,0,0,0,1,3,0,1,0,0,1,0,0,1,0,0,0,0,0,0,0,0,0,0,0,0,0,2,0,0,0,0,0,0,0,0,0,0,0,0,0,0,0,1,0,0,0,0,0,2,0,0,0,0,0,0,0,0
"200 PAG-ND-PCG Onecut1 Gaba",1,0,0,3,0,1,0,0,0,0,0,1,6,2,1,0,0,1,0,0,0,0,0,2,0,0,0,0,0,0,0,0,0,0,0,0,0,0,0,1,0,0,0,0,0,0,0,0,0,0,0,0,0,0,0,0,0,0,0,0,0,0,0,0,0,0,0,0,0,0,0,0,0,0,0,0
"201 PAG-RN Nkx2-2 Otx1 Gaba",14,0,5,1,1,0,1,0,2,0,0,2,15,3,0,0,0,5,5,0,0,3,0,15,0,1,0,0,0,0,1,3,1,0,0,0,1,0,0,0,1,0,0,0,0,1,0,0,0,0,0,0,0,0,0,1,0,0,0,0,0,0,0,0,0,0,0,5,0,0,0,0,0,0,0,2
"202 PRT Tcf7l2 Gaba",113,2,18,30,11,1,18,1,17,0,3,15,434,21,3,5,5,23,35,10,0,11,2,61,0,3,26,0,4,7,8,16,1,0,69,2,8,1,0,7,20,3,1,5,0,15,1,0,1,0,0,1,0,2,0,2,17,3,0,2,2,6,2,0,2,0,0,19,0,2,2,0,12,0,0,3
"203 LGv-SPFp-SPFm Nkx2-2 Tcf7l2 Gaba",81,3,8,2,6,0,8,0,6,0,3,6,387,5,1,5,6,18,14,3,0,10,0,71,0,3,2,1,4,5,0,1,3,0,20,1,2,0,1,2,8,0,0,0,0,3,1,2,1,0,0,0,0,0,0,0,2,0,0,1,1,0,0,0,0,0,0,4,0,0,0,0,0,0,1,0
"204 SC Otx2 Gcnt4 Gaba",0,0,0,0,0,0,0,0,0,0,0,0,1,0,0,0,0,0,0,0,0,0,0,0,0,0,0,0,0,0,0,0,0,0,0,0,0,0,0,0,0,0,0,0,0,0,0,0,0,0,0,0,0,0,0,0,0,0,0,0,0,0,0,0,0,0,0,0,0,0,0,0,0,0,0,0
"205 SC-PAG Lef1 Emx2 Gaba",21,6,6,15,13,0,12,0,2,0,4,4,67,5,1,0,5,10,3,2,0,2,3,24,0,2,13,0,2,12,3,6,2,0,16,0,2,2,0,1,4,0,0,3,1,13,0,0,0,0,0,0,1,1,0,0,3,0,0,0,1,3,0,0,3,0,0,6,0,0,1,0,0,0,0,4
"206 SCm-PAG Cdh23 Gaba",38,3,15,7,8,0,11,1,8,0,0,6,52,7,2,3,4,15,6,10,0,6,0,21,0,2,4,0,2,6,1,1,0,0,12,2,3,3,0,1,3,1,2,1,0,4,0,2,0,0,0,0,0,0,0,1,2,0,0,1,2,3,2,0,2,0,0,4,0,0,0,0,0,0,0,0
"207 SCs Dmbx1 Gaba",20,4,9,0,1,4,1,0,9,0,2,5,27,3,1,0,0,9,4,0,0,8,1,26,0,3,3,0,1,0,1,3,1,0,17,1,1,1,0,0,2,0,0,2,0,4,0,2,0,2,0,0,0,1,0,0,5,1,0,1,0,1,0,2,1,1,0,3,0,0,0,0,1,0,0,1
"208 SC Lef1 Otx2 Gaba",5,0,0,1,0,0,1,0,0,0,0,0,2,0,0,0,0,0,0,0,0,0,0,1,0,0,0,0,0,0,1,0,0,0,2,0,0,0,0,0,1,0,0,0,0,0,0,0,0,0,0,0,0,1,0,0,0,0,0,0,0,0,0,0,0,0,0,0,1,0,0,0,0,0,0,3
"209 SCs Pax7 Nfia Gaba",18,0,2,0,0,0,0,0,6,0,1,0,2,0,0,0,0,2,5,0,0,2,2,2,0,2,0,0,0,0,2,0,0,0,7,0,2,0,0,0,2,0,0,0,0,3,0,0,1,0,0,0,0,0,0,0,2,0,0,0,2,0,0,0,0,0,0,2,0,0,0,0,0,0,0,2
"210 PRT Mecom Gaba",26,0,0,5,1,1,2,0,10,0,2,1,47,1,0,1,2,9,9,0,0,5,1,17,0,1,0,2,1,3,3,0,2,0,17,0,0,2,0,0,4,1,0,2,1,2,0,1,0,0,0,0,1,0,1,0,2,0,0,0,1,3,0,0,0,1,0,8,0,0,1,0,0,0,0,0
"211 SC Tnnt1 Gli3 Gaba",3,0,0,1,0,0,0,0,0,0,0,0,0,0,0,0,0,0,0,0,0,0,0,0,0,0,0,0,0,0,0,0,1,0,0,0,0,0,0,0,0,0,0,0,0,0,0,0,0,0,0,0,0,0,0,0,1,0,0,0,0,0,0,0,0,0,0,0,0,0,0,0,0,0,0,0
"212 SCs Lef1 Gli3 Gaba",1,0,0,0,0,0,1,0,0,0,0,0,0,1,0,0,0,1,0,0,0,0,0,1,0,0,0,0,0,0,0,0,0,0,0,0,0,0,0,0,0,0,0,0,0,0,0,0,0,0,0,0,0,0,0,0,0,0,0,0,0,0,0,0,0,0,0,0,0,0,0,0,0,0,0,0
"213 SCsg Gabrr2 Gaba",24,1,6,4,1,4,3,1,18,0,1,3,13,1,5,2,3,27,18,0,0,1,1,10,0,1,2,1,5,2,5,0,0,1,136,0,9,0,1,0,5,0,1,0,1,1,0,6,1,0,0,2,0,2,0,0,1,0,0,0,0,3,0,1,1,0,1,4,0,0,0,0,50,0,0,2
"214 IPN Otp Crisp1 Gaba",1,0,0,0,0,0,0,0,0,0,0,0,0,0,0,0,0,0,0,0,0,0,0,0,0,0,0,0,0,0,0,0,0,0,0,0,0,0,0,0,0,0,0,0,0,1,0,0,0,0,0,0,0,0,0,0,0,0,0,0,0,0,0,0,0,0,0,0,0,0,0,0,0,0,0,0
"215 SNc-VTA-RAmb Foxa1 Dopa",3,0,0,0,0,0,0,0,0,0,0,2,0,0,0,0,1,0,2,0,0,0,0,0,0,0,14,0,0,0,0,0,0,0,0,0,0,0,0,0,1,1,0,0,0,1,0,0,0,0,0,0,0,0,0,0,0,0,0,0,0,0,0,0,0,0,0,6,0,0,1,0,0,29,0,0
"216 MB-MY Tph2 Glut-Sero",1,0,0,1,1,0,1,0,0,0,0,1,2,1,0,0,0,0,1,0,0,0,0,4,0,0,0,0,0,0,1,0,0,0,1,0,0,0,0,0,2,0,0,0,0,0,0,0,0,0,0,0,0,0,0,0,0,0,0,0,0,0,0,0,0,0,0,0,0,0,0,0,0,0,0,0
"217 PB Lmx1a Glut",0,0,0,4,0,0,2,0,0,0,0,0,0,1,0,0,0,0,0,0,0,0,0,3,0,1,5,0,0,0,0,0,0,0,0,0,0,1,0,0,0,0,0,0,0,1,0,0,0,0,0,0,0,0,0,0,0,0,0,0,0,0,0,0,0,0,0,0,0,0,0,0,0,0,0,0
"218 PSV Lmx1a Trpv6 Glut",0,0,0,0,0,0,0,0,0,0,0,0,1,0,0,0,0,0,0,0,0,0,0,0,0,0,1,0,0,0,0,0,0,0,0,0,0,1,0,0,0,0,0,0,0,0,0,0,0,0,0,0,0,0,0,0,0,0,0,0,0,0,0,0,0,0,0,0,0,0,0,0,0,0,0,0
"219 PB-SUT Tlx3 Lhx2 Glut",1,0,0,0,0,0,0,0,0,0,0,0,0,0,0,0,0,0,0,0,0,0,0,0,0,0,0,0,0,0,0,0,0,0,0,0,0,0,0,0,0,0,0,0,0,0,0,0,0,0,0,0,0,0,0,0,0,0,0,0,0,0,0,0,0,0,0,3,0,0,0,0,0,0,0,0
"220 PB Pax5 Glut",1,0,0,0,0,0,0,0,0,0,0,0,0,0,0,0,0,0,1,0,0,0,0,0,0,0,0,0,0,0,0,0,0,0,0,0,0,0,0,0,0,0,0,0,0,0,0,0,0,0,0,1,0,0,0,0,0,0,0,0,0,0,0,0,0,0,0,0,0,0,0,0,0,0,0,0
"221 LDT-PCG Vsx2 Lhx4 Glut",14,0,3,10,2,0,2,0,4,0,0,1,2,0,0,0,0,1,6,0,0,2,0,9,0,2,6,1,0,2,1,0,0,0,8,0,0,0,0,0,2,1,0,0,0,2,0,0,0,0,0,0,0,0,0,0,1,0,0,0,0,0,0,0,0,0,0,8,0,0,0,0,0,0,0,0
"222 PB Evx2 Glut",3,0,0,1,0,0,2,0,0,0,0,0,3,0,0,0,0,1,1,0,0,1,0,1,0,1,1,0,0,0,1,0,0,0,2,0,0,3,0,0,0,1,0,0,0,1,0,0,0,1,0,0,1,0,0,0,0,0,0,0,0,0,0,0,0,0,0,3,0,0,0,0,0,0,0,0
"224 PCG-PRNr Vsx2 Nkx6-1 Glut",6,0,6,14,2,0,4,0,0,0,0,1,6,4,0,0,0,2,0,0,0,0,0,5,0,0,6,0,0,0,4,1,1,0,1,0,0,0,0,0,1,0,0,0,0,2,0,0,0,0,0,0,2,0,0,0,0,0,0,5,0,0,0,0,0,0,0,6,0,0,0,0,0,0,0,0
"225 PRNc-NI-SG-RPO Vsx2 Nr4a2 Glut",0,1,0,0,0,0,0,0,0,0,0,0,0,0,0,0,0,0,0,0,0,0,0,0,0,0,0,0,0,0,0,0,0,0,0,0,0,0,0,0,0,1,0,0,0,0,0,0,0,0,0,0,0,0,0,0,0,0,0,0,0,0,0,0,0,0,0,0,0,0,0,0,0,0,0,0
"226 PRNc-PARN Tlx1 Glut",0,0,0,1,0,0,0,0,0,0,0,0,0,0,0,0,0,0,0,0,0,1,0,0,0,0,0,0,0,0,0,0,0,0,0,0,0,0,0,0,0,0,0,0,0,1,0,0,0,0,0,0,0,0,0,0,0,0,0,0,0,0,0,0,0,0,0,0,0,0,0,0,0,0,0,0
"227 PB-PSV Phox2b Glut",0,0,0,1,0,0,0,0,0,0,0,0,0,0,0,0,0,0,0,0,0,0,0,0,0,0,1,0,0,0,0,0,0,0,0,0,0,0,0,0,0,0,0,0,0,0,0,0,0,0,0,0,0,0,0,0,0,0,0,0,0,0,0,0,0,0,0,0,0,0,0,0,0,0,0,0
"228 PSV Pvalb Lhx2 Glut",0,0,0,0,0,0,1,0,0,0,0,0,0,0,0,0,0,1,0,0,0,0,0,0,0,0,0,0,0,0,0,0,0,0,1,0,0,0,0,0,0,0,0,0,0,0,0,0,0,0,0,0,0,0,0,0,0,0,0,0,0,0,0,0,0,0,0,0,0,0,1,0,0,0,0,0
"229 PB-NTS Phox2b Ebf3 Lmx1b Glut",1,0,0,0,0,0,0,0,1,0,0,0,1,0,0,0,0,0,0,0,0,0,0,0,0,1,2,1,0,0,2,0,0,0,0,0,0,0,0,0,0,0,0,0,0,1,0,0,0,0,0,0,0,0,0,0,0,0,0,0,0,0,0,0,0,0,0,1,0,0,0,0,0,0,0,0
"230 PRNr Otp Nfib Glut",1,0,0,1,0,0,0,0,0,0,0,0,0,0,0,0,0,0,0,0,0,0,0,1,0,0,0,0,0,0,0,0,0,0,1,0,0,0,0,0,0,0,0,0,0,0,0,0,0,0,0,0,0,0,0,0,0,0,0,0,0,0,0,0,0,0,0,0,0,0,0,0,0,0,0,0
"232 LDT Vsx2 Nkx6-1 Nfib Glut",1,0,0,0,1,0,0,0,0,0,0,0,1,0,0,0,0,1,1,0,0,0,0,1,0,0,0,0,0,0,1,0,0,0,1,0,0,0,0,0,0,0,0,0,0,0,0,0,0,0,0,0,0,0,0,0,0,0,0,0,0,0,0,0,0,0,0,2,0,0,0,0,0,0,0,0
"233 NLL-SOC Spp1 Glut",0,0,0,0,0,0,0,0,0,0,0,0,1,0,0,0,0,1,0,0,0,0,0,0,0,0,0,0,0,0,2,0,0,0,0,0,0,0,0,0,0,0,0,0,0,0,0,0,0,0,0,0,0,0,0,0,0,0,0,0,0,0,0,0,0,0,0,0,0,0,0,0,0,0,0,0
"238 NTS Phox2b Glut",1,0,2,1,2,0,1,0,1,0,0,0,0,0,0,0,0,0,0,0,0,0,0,3,0,0,0,1,0,0,0,0,0,0,0,0,0,2,0,0,0,0,0,0,0,2,0,0,0,0,0,0,0,0,0,0,0,0,0,0,0,0,0,0,0,0,0,1,0,0,0,0,0,0,0,0
"243 PGRN-PARN-MDRN Hoxb5 Glut",251,3,74,202,14,1,120,5,135,0,3,11,230,17,7,8,2,77,87,41,0,4,3,20,0,11,66,16,11,4,14,7,1,0,408,1,62,15,0,3,38,2,0,9,7,17,1,7,1,0,0,21,8,2,0,0,6,3,2,8,1,14,7,0,3,4,1,133,0,2,1,0,0,0,0,1
"245 SPVI-SPVC Tlx3 Ebf3 Glut",0,0,1,0,0,0,0,0,0,0,0,0,0,0,0,0,0,0,0,0,0,0,0,0,0,0,0,0,0,0,0,0,0,0,0,0,0,0,0,0,0,0,1,0,0,1,0,0,0,1,0,0,0,0,0,0,0,0,0,0,0,0,0,0,0,0,0,1,0,0,0,0,0,0,0,0
"246 CU-ECU-SPVI Foxb1 Glut",1,0,1,2,1,0,1,0,0,0,0,0,0,0,0,0,0,0,0,0,0,0,0,0,0,1,0,0,0,0,0,0,0,0,0,0,0,0,0,0,0,0,0,0,0,0,0,0,0,0,0,0,0,0,0,0,0,0,0,0,0,0,0,0,0,0,0,0,0,0,0,0,0,0,0,0
"247 MV-SPIV Phox2b Ebf3 Lbx1 Glut",3,0,0,0,0,0,0,0,1,0,0,0,0,0,0,0,0,0,0,0,0,0,0,0,0,0,0,0,0,0,0,0,0,0,0,0,0,0,0,0,0,0,0,0,0,1,0,0,0,0,0,0,0,0,0,0,0,0,0,0,0,0,0,0,0,0,0,0,0,0,0,0,0,0,0,0
"248 MV-SPIV Zic4 Neurod2 Glut",1,0,0,0,0,0,0,0,0,0,0,0,0,0,0,0,0,0,0,0,0,0,0,0,0,0,0,0,0,0,0,0,0,0,0,0,0,0,0,0,0,0,0,0,0,0,0,0,0,0,0,1,0,0,0,0,0,0,0,0,0,0,0,0,0,0,0,0,0,0,0,0,0,0,0,0
"254 VCO Mafa Meis2 Glut",1,0,0,0,0,0,0,0,0,0,0,0,0,0,0,0,0,1,0,0,0,0,0,0,0,0,0,0,0,0,0,0,0,0,0,0,0,0,0,0,0,0,0,0,0,0,0,0,0,0,0,0,0,0,0,0,0,0,0,0,0,0,0,0,0,0,0,0,0,0,0,0,0,0,0,0
"256 SPVC Mafa Glut",0,0,0,0,0,0,0,0,0,0,0,0,0,0,0,0,0,0,1,0,0,0,0,0,0,0,0,0,0,0,0,0,0,0,0,0,0,0,0,0,0,0,0,0,0,0,0,0,0,0,0,0,0,0,0,0,0,0,0,0,0,0,0,0,0,0,0,0,0,0,0,0,0,0,0,0
"261 HB Calcb Chol",0,0,0,0,0,0,0,0,0,0,0,0,1,0,0,0,0,2,0,0,0,0,0,1,0,0,0,0,0,0,0,0,0,0,0,0,0,0,0,0,0,0,0,0,0,0,0,0,0,0,0,1,0,0,0,0,0,0,0,0,0,0,0,0,0,0,0,0,0,0,0,0,0,0,0,0
"262 Pineal Crx Glut",0,0,0,0,0,0,0,0,0,0,0,0,0,0,0,0,0,0,0,0,0,0,0,1,0,0,0,0,0,0,0,0,0,0,0,0,0,0,0,0,0,0,0,0,0,0,0,0,0,0,0,0,0,0,0,0,0,0,0,0,0,0,0,0,0,0,0,0,0,0,0,0,0,0,0,0
"263 CS-RPO Meis2 Gaba",9,0,0,2,0,0,4,0,2,0,0,0,3,2,0,0,0,4,0,0,0,0,0,0,0,1,0,0,0,0,1,0,0,0,1,0,0,0,0,2,1,0,0,0,0,0,0,0,0,0,0,0,0,0,0,0,0,0,0,3,0,0,0,0,0,1,0,2,0,0,0,0,0,0,0,0
"264 PRNc Otp Gly-Gaba",13,0,5,2,1,0,3,0,1,0,1,2,7,7,1,0,0,1,1,2,0,5,0,15,0,0,1,0,0,0,0,1,0,0,8,0,0,1,0,1,0,0,1,0,0,2,0,0,0,1,0,0,1,1,0,0,0,0,0,3,0,0,0,0,0,0,0,5,0,0,0,0,0,0,0,0
"266 PRNc Prox1 Brs3 Gly-Gaba",1,0,0,0,0,0,0,0,0,0,0,0,0,0,0,0,0,1,0,0,0,0,0,0,0,0,0,0,0,0,0,0,0,0,0,0,0,0,0,0,1,0,0,0,0,0,0,0,0,0,0,0,0,0,0,0,0,0,0,0,0,0,0,0,0,0,0,0,0,0,0,0,0,0,0,0
"267 CS-PRNr-PCG Tmem163 Otp Gaba",27,0,3,9,7,0,3,0,3,0,1,4,29,2,0,0,0,1,2,1,0,4,0,7,0,1,2,0,0,3,2,2,1,0,3,1,0,1,0,1,0,1,1,2,1,9,0,0,0,0,0,0,1,0,0,0,1,0,0,1,0,1,0,1,0,1,0,4,0,0,0,0,0,0,0,0
"268 CS-PRNr-DR En1 Sox2 Gaba",16,0,4,1,2,0,4,0,0,0,0,4,7,2,0,0,0,2,1,0,0,1,0,6,0,1,0,0,0,0,1,1,3,0,1,0,0,1,0,0,1,1,0,0,0,9,1,0,0,0,0,0,0,0,0,0,2,0,0,0,1,0,0,0,0,0,0,0,0,0,0,0,0,0,0,0
"270 LDT-DTN Gata3 Nfix Gaba",0,0,0,1,1,0,0,0,0,0,0,0,0,0,0,0,0,0,1,0,0,2,0,0,0,0,0,0,0,0,0,0,0,0,1,0,0,0,0,0,0,0,0,0,0,0,0,0,0,0,0,0,0,0,0,0,0,0,0,0,0,0,0,0,0,0,0,0,0,0,0,0,0,0,0,0
"271 NI-RPO Gata3 Nr4a2 Gaba",18,0,3,1,2,0,4,0,1,0,0,1,4,0,0,0,0,2,1,1,0,4,0,7,0,1,1,0,0,0,1,0,0,0,8,0,1,1,0,0,5,3,1,0,1,4,0,0,0,0,0,0,1,0,0,0,0,1,0,1,0,0,0,0,1,0,0,1,0,0,0,0,0,0,0,0
"272 LDT-PCG-CS Gata3 Lhx1 Gaba",10,0,2,1,0,0,0,0,3,0,0,0,3,1,0,0,1,0,3,0,0,2,0,6,0,1,0,0,1,1,0,0,1,0,2,0,0,0,0,0,3,0,1,0,0,1,0,0,0,0,0,0,0,0,0,1,1,0,0,0,0,1,0,0,0,0,0,1,0,0,0,0,0,0,0,0
"273 PDTg-PCG Pax6 Gaba",0,0,0,0,0,0,0,0,0,0,0,0,0,0,0,0,0,0,0,0,0,2,0,1,0,0,0,0,0,0,0,0,1,0,0,0,0,0,0,0,0,0,0,0,0,0,0,0,0,0,0,0,0,0,0,0,0,0,0,0,1,0,0,0,0,0,0,0,0,0,0,0,0,0,0,0
"274 PDTg Otp Shroom3 Gaba",1,0,0,0,0,0,0,0,0,0,0,0,0,0,0,0,0,1,0,0,0,0,0,1,0,1,0,0,0,0,1,0,0,0,0,0,0,0,0,0,0,0,2,0,0,0,0,0,0,0,0,0,0,0,0,0,0,0,0,0,0,0,0,0,0,0,0,0,0,0,0,0,0,0,0,0
"276 LDT-PCG St18 Gaba",3,1,0,0,0,0,0,0,0,0,0,0,1,1,0,0,0,0,1,0,0,0,0,0,0,0,1,0,0,0,0,0,0,0,0,0,0,0,0,0,0,0,0,0,0,1,0,0,0,0,0,0,0,0,0,0,0,0,0,0,0,0,0,0,0,0,0,1,0,0,0,0,0,0,0,0
"277 DTN-LDT-IPN Otp Pax3 Gaba",9,0,0,0,0,0,1,0,0,0,0,0,3,0,0,0,0,1,0,0,0,0,0,2,0,1,0,0,0,0,0,0,0,0,0,0,1,0,0,0,1,0,1,0,0,0,0,0,0,0,0,0,0,0,0,1,0,0,0,0,0,0,0,0,0,0,0,0,0,0,0,0,0,0,0,1
"278 NLL Gata3 Gly-Gaba",42,3,9,3,2,2,1,1,8,0,1,2,20,6,1,1,0,11,5,2,0,4,0,11,0,3,1,0,1,2,2,1,0,0,21,2,2,1,0,2,6,1,0,3,0,8,0,1,1,0,0,0,0,0,0,0,2,0,0,0,0,1,0,0,0,1,0,6,0,0,0,0,0,0,0,0
"279 PSV Pax2 Gly-Gaba",0,0,0,0,0,0,0,0,1,0,0,0,0,0,0,0,0,1,0,0,0,0,0,0,0,0,0,0,0,0,0,0,0,0,0,0,0,0,0,0,0,0,0,0,0,0,0,0,0,0,0,0,0,0,0,0,0,0,0,0,0,0,0,0,0,1,0,0,0,0,0,0,0,0,0,0
"280 NLL-po Pax7 Gaba",1,0,0,2,0,0,0,0,0,0,0,0,6,1,0,0,0,1,0,0,0,0,0,0,0,0,0,0,0,0,1,0,0,0,1,0,0,0,0,0,0,0,0,0,0,0,0,0,0,0,0,0,0,0,0,0,0,0,0,1,0,1,0,0,0,0,0,1,0,0,0,0,0,0,0,0
"283 PRP Otp Gly-Gaba",0,0,0,0,0,0,0,0,0,0,0,0,0,0,0,0,0,0,1,0,0,0,0,0,0,0,0,0,0,0,0,0,0,0,1,0,0,0,0,0,0,0,0,0,0,0,0,0,0,0,0,0,0,0,0,0,0,0,0,0,0,0,0,0,0,0,0,1,0,0,0,0,0,0,0,0
"284 GRN-IRN-MDRNd Ikzf1 Gly-Gaba",0,0,0,0,0,0,0,0,0,0,0,0,0,0,0,0,0,0,0,0,0,0,0,0,0,0,0,0,0,0,0,0,0,0,0,0,0,0,0,0,0,0,0,0,0,1,0,0,0,0,0,0,0,0,0,0,0,0,0,0,0,0,0,0,0,0,0,0,0,0,0,0,0,0,0,0
"285 MY Lhx1 Gly-Gaba",17,1,2,1,1,2,1,0,6,0,0,0,12,4,2,0,0,2,2,0,0,1,0,6,0,0,0,1,1,0,0,0,0,0,4,0,0,0,0,1,1,0,0,1,0,3,0,1,0,0,1,1,0,0,0,1,0,0,0,1,1,0,0,0,0,1,1,2,0,0,0,0,0,0,0,0
"287 MV-SPIV-PRP Dmbx1 Gly-Gaba",1,0,0,0,0,0,0,0,0,0,0,0,1,0,0,0,0,0,0,0,0,0,0,0,0,0,0,0,0,0,0,0,0,0,0,0,0,0,0,0,0,0,0,0,0,0,0,0,0,0,0,0,0,0,0,0,0,0,0,0,0,0,0,0,0,0,0,0,0,0,0,0,0,0,0,0
"289 MDRNd Prox1 Pax6 Gly-Gaba",3,0,0,0,0,0,0,0,1,0,0,0,1,1,0,0,0,1,0,0,0,0,0,0,0,0,0,0,0,0,0,0,0,0,1,0,0,0,0,0,1,0,0,0,0,0,0,0,0,0,0,0,0,0,0,0,0,0,0,0,0,0,0,0,0,0,0,1,0,0,0,0,0,0,0,0
"294 MV Pax6 Gly-Gaba",0,0,0,0,0,0,0,0,0,0,0,0,0,0,0,0,0,0,0,0,0,0,0,0,0,0,0,0,0,0,0,0,0,0,0,0,0,0,0,0,1,0,0,0,0,0,0,0,0,0,0,0,0,0,0,0,0,0,0,0,0,0,0,0,0,0,0,0,0,0,0,0,0,0,0,0
"296 RPA Pax6 Hoxb5 Gly-Gaba",1,0,0,0,0,0,0,0,0,0,0,0,0,0,0,0,0,0,0,0,0,0,0,0,0,0,0,0,0,0,0,0,0,0,0,0,0,0,0,0,0,0,1,0,0,0,0,0,0,0,0,0,0,0,0,0,0,0,0,0,0,0,0,0,0,0,0,0,0,0,0,0,0,0,0,0
"300 PARN-MDRNd-NTS Gbx2 Gly-Gaba",4,0,1,0,0,1,0,0,1,0,0,1,0,0,0,0,0,0,2,0,0,1,0,4,0,0,0,0,0,0,0,1,0,0,2,0,0,1,0,0,0,0,0,0,0,0,0,0,0,0,0,0,0,0,0,1,0,0,0,0,0,0,0,0,0,0,0,1,0,0,0,0,0,0,0,0
"304 NTS-PARN Neurod2 Gly-Gaba",2,0,0,0,0,0,1,0,1,0,0,0,1,1,0,0,0,0,0,0,0,0,0,0,0,0,0,0,0,0,0,0,0,0,1,0,0,1,0,0,0,0,1,0,0,0,0,0,0,0,0,0,0,0,0,1,0,0,0,0,0,1,0,0,0,0,0,0,0,0,0,0,0,0,0,0
"305 SPVI-SPVC Sall3 Nfib Gly-Gaba",2,0,0,0,0,0,0,0,0,0,0,0,0,0,0,0,0,0,0,0,0,0,1,0,0,0,0,0,0,0,0,0,0,0,0,0,0,0,0,0,0,0,0,0,0,0,0,0,0,0,0,0,0,0,0,0,0,0,0,0,0,0,0,0,0,0,0,0,0,0,0,0,0,0,0,0
"309 CB PLI Gly-Gaba",1,0,0,0,1,1,0,0,2,0,0,1,0,1,0,0,0,1,0,1,0,0,0,2,0,0,0,0,0,0,0,0,0,0,1,0,0,0,0,0,1,0,0,0,0,2,0,0,0,0,0,0,0,0,0,0,0,0,0,0,0,0,0,0,0,0,0,0,0,0,0,0,0,0,1,0
"314 CB Granule Glut",1,0,1,0,1,1,0,0,0,0,0,0,0,0,1,0,0,1,2,0,0,0,0,0,0,0,0,0,0,0,0,0,0,0,2,0,0,0,0,0,0,0,0,0,0,0,0,0,0,0,0,0,0,0,0,0,0,0,0,0,0,0,0,0,0,0,0,0,0,0,0,0,0,0,0,0
"315 DCO UBC Glut",0,0,0,0,0,0,0,0,0,0,0,0,0,0,0,0,0,0,0,0,0,0,0,0,0,0,0,0,0,0,0,0,0,0,0,0,0,0,0,0,0,0,0,0,0,0,0,0,0,0,0,0,0,0,0,0,0,0,0,0,0,0,0,0,0,1,0,0,0,0,0,0,0,0,0,0
"317 Astro-CB NN",0,0,0,0,0,0,0,0,0,0,0,0,0,0,0,0,0,1,0,0,0,0,0,0,0,0,0,0,0,0,0,0,0,0,0,0,0,0,0,0,0,0,0,0,0,0,0,0,0,0,0,0,0,0,0,0,0,0,0,0,0,0,0,0,0,0,0,0,0,0,0,0,0,0,0,0
"318 Astro-NT NN",2,0,0,0,0,0,0,0,0,0,0,1,0,0,0,0,0,120,2,0,0,0,0,1,0,0,0,0,0,0,0,0,0,0,0,0,0,0,0,0,1,0,0,0,0,1,0,2,0,0,0,0,0,0,0,0,0,0,0,0,0,0,0,0,0,0,0,0,0,0,0,0,0,0,0,0
"319 Astro-TE NN",0,0,0,0,0,1,0,0,0,0,0,0,0,0,0,0,0,28,2,0,0,0,0,0,0,0,0,0,0,0,0,0,0,0,0,0,0,0,0,0,0,0,0,0,0,0,0,0,0,0,0,0,0,0,0,0,0,0,0,0,0,0,0,0,0,0,0,0,0,0,0,0,0,0,0,0
"320 Astro-OLF NN",0,0,0,0,0,0,0,0,0,0,0,0,0,0,0,0,0,4,0,0,0,0,0,0,0,0,0,0,0,0,0,0,0,0,0,0,0,0,0,0,0,0,0,0,0,2,1,0,0,0,0,0,0,0,0,0,0,0,0,0,0,0,0,0,0,0,0,0,0,0,0,0,0,0,0,0
"321 Astroependymal NN",0,0,0,0,0,0,0,0,0,0,0,0,0,0,0,0,0,1,0,0,0,0,0,0,0,0,0,0,0,0,0,0,0,0,0,0,0,0,0,0,0,0,0,0,0,0,0,0,0,0,0,0,0,0,0,0,0,0,0,0,0,0,0,0,0,0,0,0,0,0,0,0,0,0,0,0
"322 Tanycyte NN",2,0,0,0,0,0,0,0,0,0,1,0,0,1,0,0,0,3,1,0,0,0,0,2,0,0,0,0,0,0,0,0,0,0,0,1,0,0,0,0,0,0,0,0,0,2,0,0,0,0,0,0,0,0,0,0,0,0,0,0,0,0,0,0,0,0,0,0,0,0,0,0,0,0,0,0
"325 CHOR NN",0,0,0,0,0,0,0,0,0,0,0,0,0,0,0,0,0,0,0,0,0,0,0,1,0,0,0,0,0,0,0,0,0,0,0,0,0,0,0,0,0,0,0,0,0,0,0,0,0,0,0,0,0,0,0,0,0,0,0,0,0,0,0,0,0,0,0,0,0,0,0,0,0,0,0,0
"326 OPC NN",16,0,0,0,0,0,0,0,1,0,1,0,1,0,0,1,0,13,17,1,0,1,0,2,0,0,0,0,0,0,0,0,1,0,27,0,4,0,0,0,136,0,1,0,2,0,0,4,1,0,0,0,1,0,0,1,0,0,0,0,0,0,0,0,0,2,3,0,0,0,0,0,0,0,0,0
"327 Oligo NN",383,0,0,1,0,0,0,0,56,0,10,0,0,0,0,1,0,23,59,5,0,1,0,1,0,0,0,1,0,0,1,0,0,0,9,1,5,0,0,0,7,0,4,1,1,1,0,1,0,0,0,0,0,0,0,0,0,0,0,0,7,1,0,0,0,21,0,0,0,0,0,20,0,0,0,0
"329 ABC NN",1,0,0,0,0,0,0,0,0,0,0,0,0,0,0,0,0,0,0,0,0,0,0,0,0,0,0,0,0,0,0,0,0,0,0,0,0,0,0,0,0,0,0,0,0,0,0,0,0,0,0,0,0,0,0,0,0,0,0,0,0,0,0,0,0,0,0,0,0,0,0,0,0,0,0,0
"332 SMC NN",0,0,0,0,0,0,0,0,0,0,0,0,0,0,0,0,0,0,0,0,0,0,0,0,0,0,0,0,0,0,0,0,0,0,0,0,0,0,0,0,0,0,0,0,0,1,0,0,0,0,0,0,0,0,0,0,0,0,0,0,0,0,0,0,0,0,0,0,0,0,0,0,0,0,0,0
"334 Microglia NN",0,0,0,0,0,1,0,0,0,0,0,0,0,0,0,0,0,0,2,0,0,0,0,0,0,0,0,0,0,0,0,0,0,0,0,0,0,0,0,0,0,0,0,0,0,0,1,0,0,0,0,0,0,0,0,0,0,0,0,0,0,0,0,0,0,0,0,0,0,0,0,0,0,0,0,0
