"Cluster","Geno_Coef","Geno_P.Value","Geno_adj.P.Val","B_Geno","Geno_Ratio","Sex_Coef","Sex_P.Value","Sex_adj.P.Val","B_Sex","Sex_Ratio","Interaction_Coef","Interaction_P.Value","Interaction_adj.P.Val","B_Interaction","Interaction_Ratio","AveExpr","PropMean_WT","PropMean_Het","PropMean_Male","PropMean_Female","PropMean_WT_Male","PropMean_WT_Female","PropMean_Het_Male","PropMean_Het_Female","Direct_Ratio_Het_WT","Direct_Ratio_Male_Female"
"NDB-SI-MA-STRv Lhx8 Gaba",-0.00807816447379471,0.00567179930169601,0.368666954610241,-2.41839451041956,0.994416290251561,0.0189257019984352,0.00367010819020092,0.0740417177656211,-1.85196845835524,1.01320471932936,-0.0187390535363414,0.011440169133938,0.213399686020864,-4.47756702497524,0.987095069875441,-4.64367712250484,0.0138807840318509,0.00986947538462885,0.0140906196209992,0.00960718089819356,0.0151250754878353,0.0126364925758666,0.013056163754163,0.00455832810207187,0.711017141537704,1.46667578869558
"PH-LHA-PVH-SO-PVa Nxph4 Glut",0.00595345719693651,0.106880151365768,0.729342292548919,-4.27126578899836,1.00413514829964,-0.0262062854650822,0.00507643093240024,0.0740417177656211,-2.10907127916884,0.981999172905546,0.0325544235612893,0.0175212076311343,0.213399686020864,-4.492884094761,1.02282152246616,-6.22147198778753,0.00384081658844706,0.0053078859903661,0.00459418227263017,0.00436617888513722,0.0055480007406081,0.00213363243628603,0.00364036380465224,0.00808708963322254,1.38196809666254,1.05222034953013
"HY NSCs_2",-0.0020931844428804,0.113060456657356,0.729342292548919,-4.30482012682175,0.998550167129664,-0.0145786947117255,0.0054672131283624,0.0740417177656211,-2.16707019463144,0.989945704659582,-0.0170401277467251,0.0193756421564422,0.213399686020864,-4.49648531118114,0.988258163276493,-3.29692894099555,0.0391440058253346,0.0408921820597085,0.0419786902445799,0.0373488265356518,0.0460207362600664,0.0322672753906028,0.0379366442290934,0.0458180784440669,1.04466012605287,1.12396276237778
"TU-ARH Otp Six6 Gaba",0.00323159160743269,0.11823959150348,0.729342292548919,-4.33124359015734,1.00224247921531,0.0139623291635931,0.00655205386804212,0.0740417177656211,-2.31070846939707,1.0097249318865,-0.00786109413289236,0.0202025829216698,0.213399686020864,-4.49799774161065,0.99456592306863,-4.69554833044084,0.00997180049585683,0.0105131442532652,0.0110881413130662,0.00911771823175342,0.0120377296127475,0.00790587137896616,0.010138553013385,0.0111374629863989,1.05428746369658,1.21610923163326
"VMH Nr5a1 Glut_2",0.0135508030534642,0.125282906849011,0.729342292548919,-4.36521529355609,1.00943695077958,-0.0274083189082243,0.00779962021978428,0.0740417177656211,-2.44807388771287,0.981181325609083,0.0243554648977309,0.023993314564591,0.213399686020864,-4.50425550832728,1.01702522675243,-3.13228159714614,0.0501143294787568,0.0484048691837854,0.0450697932976365,0.0547105394101858,0.0398698534718276,0.060358805485686,0.0502697331234454,0.0452967626176854,0.965888792432192,0.823786308516007
"ARC Mixed Glut",-0.0164010646602852,0.12781545059397,0.729342292548919,-4.37669603422473,0.988696023804214,-0.0164532870363063,0.00855753977475245,0.0740417177656211,-2.52038174364695,0.988660235838227,0.0198468984340014,0.0308105512114907,0.213399686020864,-4.51331366326332,1.01385188217377,-5.26485877861346,0.00769580680472833,0.00743552419375029,0.00777390617880581,0.00733789997615344,0.00865495759921732,0.00673665601023934,0.00689285475839431,0.00833997325267694,0.966178645386716,1.05941839001203
"AHN Onecut3 Gaba",0.0229435111310055,0.13091836135053,0.729342292548919,-4.39069744409646,1.01603035944423,0.0033597873134117,0.0091489442492467,0.0740417177656211,-2.57353192510886,1.00233154092768,-0.00425998012034454,0.0309575223256802,0.213399686020864,-4.51348668043661,0.997051561996482,-6.04127454138191,0.0141405463787864,0.0147167803820065,0.0108751515263171,0.0187985239475931,0.0033321695623727,0.0249489231952,0.0184181334902615,0.00854785853491483,1.04075047652222,0.578510927593841
"PO-CEA-BST Meis2 Gaba",-0.00328345770503245,0.14091796361751,0.729342292548919,-4.43365796615136,0.997726668490255,0.00225251352781074,0.0103936550549451,0.0740417177656211,-2.67359955376817,1.00156254290095,0.0273052223230309,0.0323806781122184,0.213399686020864,-4.51512098912841,1.01910678011041,-4.087433763975,0.0176131214026166,0.0166740323305596,0.0174516650652019,0.0168758527523279,0.0171190934135181,0.018107149391715,0.0177842367168858,0.0148236916866826,0.946682416444512,1.03412048690663
"TRS-BAC Sln Glut",-0.0150620428680006,0.144045312859709,0.729342292548919,-4.4463370704646,0.989614097305135,-0.00374822588122101,0.0127177566263483,0.0740417177656211,-2.83084181988928,0.997405299866988,0.0156911267655186,0.0325661775076566,0.213399686020864,-4.51534596246952,1.01093562181144,-5.77687499338098,0.00434711654658298,0.00392450433382145,0.00466938566740711,0.00352166793279129,0.00596636406763767,0.00272786902552829,0.00337240726717655,0.00484466611156295,0.902783325859133,1.325901747842
"STN-PSTN Pitx2 Glut",0.00539917003044652,0.167646186079876,0.729342292548919,-4.5330825058053,1.00374943107981,-0.0129988696750323,0.0134145156511688,0.0740417177656211,-2.87308184579284,0.991030339717776,0.031487028588174,0.0368159954400022,0.213399686020864,-4.51980441439852,1.02206505575186,-4.99639315582438,0.0110256228397644,0.00676272681908176,0.0110229102092668,0.00676611760720376,0.0140557075850889,0.00799553809443988,0.00799011283344469,0.00471708346181022,0.61336460691288,1.62913369958733
"PO-MEA Slc17a7 Glut",-0.000781819386470772,0.177099835911438,0.729342292548919,-4.56384202990858,0.999458230906463,0.0104841923350142,0.0142061151466697,0.0740417177656211,-2.91716515478937,1.00729355772362,-0.044413427628598,0.0393066855560077,0.213399686020864,-4.52217142882109,0.96968399187059,-5.35454040458376,0.0127817632362864,0.0162405068822295,0.0110341154372492,0.018425066631026,0.00455511971813328,0.0210084067544395,0.0175131111563652,0.0141194997586701,1.27059988375657,0.598864343788526
"PVpo-VMPO-MPN Hmx2 Gaba",0.0144514366296661,0.182213219400909,0.729342292548919,-4.57999474508654,1.01006731036156,0.012083666508089,0.0154540907150273,0.0740417177656211,-2.98330814395305,1.00841093418009,-0.0112851598717572,0.0393968651115441,0.213399686020864,-4.52225478827953,0.992208237643638,-6.52756068840361,0.00169873430498848,0.00153682017337962,0.00136719033821472,0.00195125013184681,0.0011530362082036,0.00224443240177335,0.00158134446822585,0.00146261301530258,0.904685428949436,0.700674052957379
"GPe-SI Sox6 Cyp26b1 Gaba",0.0070604944198867,0.186660196091685,0.729342292548919,-4.59328430938067,1.00490595679125,0.00606016949064903,0.0158023099057785,0.0740417177656211,-3.00063054563198,1.00420942423798,-0.0307884663948197,0.0440588607367091,0.220294303683545,-4.5263224431628,0.978885167858155,-3.89223906819669,0.02672752765449,0.0308093150081837,0.0269469318644033,0.0305350597457921,0.019426797214195,0.0340282580947849,0.0344670665146115,0.0247130624974706,1.15271847835907,0.882491538865147
"SCH Six6 Cdc14a Gaba",-0.0136753296496449,0.20020482247709,0.729342292548919,-4.63232357100475,0.990565768068808,0.00413185823378135,0.0159474469033646,0.0740417177656211,-3.00713766476003,1.00286809101087,-0.0139317879538914,0.0533725012643553,0.221238904100625,-4.5332972782403,0.990389697428883,-3.61166667375674,0.0335823359310675,0.0266212158266458,0.0363316240982993,0.0231846056176061,0.043045186930285,0.0241194849318499,0.0296180612663134,0.0216264734271997,0.792714833217369,1.56705810301597
"TH Prkcd Grin2c Glut_3",0.00616516542778814,0.210885615925426,0.729342292548919,-4.66087000579812,1.00428251088723,-0.0204889520138585,0.0186982577300092,0.0750609214675442,-3.13057510546205,0.985898511371102,-0.00471075388649578,0.061687024902197,0.221238904100625,-4.5385411086997,0.996740079342732,-3.4035807803363,0.0369608415059697,0.0402059867186026,0.0326962290076798,0.045536752341465,0.0232566820518576,0.0506650009600819,0.042135775963502,0.036989671310437,1.08779954893908,0.718018464788652
"TH-PVT-RE Ntrk1-Nox4 Glut",0.00211679708603466,0.22679959639323,0.729342292548919,-4.70039321678057,1.00146832887277,-0.0216167536328273,0.0212184948438291,0.0750609214675442,-3.22830730378948,0.985128103616445,0.0155791750874117,0.0634684529000712,0.221238904100625,-4.5395720578539,1.01085717727184,-3.79362261743563,0.0276743950599352,0.0304520166910912,0.0227176851701081,0.0366479040533752,0.0145712523273942,0.0407775377924763,0.030864118012822,0.0297651811548733,1.1003679258441,0.619890434580415
"DMH Hmx2-Vgll1 Glut",-0.011012356637603,0.227250420376465,0.729342292548919,-4.70146461377023,0.992395874809995,-0.0132388829430749,0.021574802849695,0.0750609214675442,-3.24115440304022,0.990865481144652,-0.00513076820679524,0.0698932634163973,0.221238904100625,-4.54306151669989,0.996449938903797,-5.27900839326786,0.00645126228413294,0.00572951374717374,0.00644410910519312,0.00573845522084853,0.00750568365959068,0.00539684090867521,0.00538253455079555,0.00630781240780406,0.888122896702811,1.12296931093596
"VMH Nr5a1 Glut_1",-0.00327845463262967,0.239151701326276,0.729342292548919,-4.72886383379836,0.997730128478176,0.00952861923343193,0.0219180497316544,0.0750609214675442,-3.25389181689299,1.00662659492077,-0.0216348950844372,0.0702609598013593,0.221238904100625,-4.54324887141195,0.985115716007873,-5.49391681605869,0.00403522295962385,0.00545496695639643,0.00420667641019455,0.00524065014318306,0.00336839763027768,0.00470204828897002,0.00504495519011142,0.00613831990020479,1.35183780697583,0.802701247986668
"PVN Mixed Glut",-0.00931519559731431,0.252677232455465,0.729342292548919,-4.75807664685834,0.993563998786589,-0.00109139619356975,0.0223428482237123,0.0750609214675442,-3.26868471103866,0.99924378787817,-0.0126559256419847,0.0726857104648864,0.221238904100625,-4.5444754752774,0.991265946225225,-5.66874774066783,0.00449344048614195,0.00347138223212673,0.00439448696711856,0.00359507413090597,0.00460686267529778,0.00438001829698612,0.00418211125893934,0.00228683385410572,0.772544388388517,1.22236338030981
"LH-MH Glut",0.00143627161123477,0.280023363091808,0.729342292548919,-4.81169112613071,1.00099604333987,0.00323849504210938,0.0230956681438598,0.0750609214675442,-3.29420355611469,1.00224727505355,0.0254619225196185,0.0748446308998888,0.221238904100625,-4.54552972598844,1.01780552120697,-6.3498499416746,0.00240635859881805,0.00188770860964919,0.0021220485123176,0.00224309621777474,0.00274220320841074,0.00207051398922535,0.00150189381622446,0.00253073326535706,0.784466874794301,0.946035437758784
"Hist Gaba",-0.000499188722775989,0.28307622475694,0.729342292548919,-4.81727155049799,0.999654048599231,-0.00645616857353527,0.0247628427910761,0.0766468943533307,-3.34779561221114,0.995534923184524,0.0038397641207469,0.0751927458642773,0.221238904100625,-4.54569704494439,1.00266506666745,-4.36575311966268,0.0181252792954715,0.0152191564005939,0.0192671643190407,0.0137918001211324,0.025106443877268,0.0111441147136749,0.0134278847608133,0.0182046091335616,0.839664655782512,1.3970014174958
"TH Prkcd Grin2c Glut_2",-0.00688890699576945,0.285195946619325,0.729342292548919,-4.82097391750509,0.995236355853438,-0.00459135879701007,0.0283849588134905,0.0838646510398583,-3.45243020677223,0.996822571340068,-0.0108912999156575,0.079299940118105,0.221238904100625,-4.54761348085127,0.992479150366183,-6.11240465925887,0.00352747259034415,0.00266515370763374,0.00371729500955289,0.00242787568362282,0.00465372935424952,0.00240121582643879,0.00278086066485627,0.00247230877892953,0.755542003339484,1.53108951773265
"ZI-PVH-SBPV Pax6-Prox1 Gaba",0.00367664362205774,0.286839689530964,0.729342292548919,-4.82392048540671,1.00255170523271,-0.01460146088059,0.0344791956475076,0.0974412050907825,-3.60016563535506,0.989930083136932,-0.00170052866831798,0.0797503825166237,0.221238904100625,-4.54781728255323,0.998821977761701,-5.39710768592685,0.0084599768441412,0.00753332170137705,0.00842658091003609,0.00757506661900844,0.0113695758306914,0.005550377857591,0.00548358598938077,0.0109495478880375,0.890465995376112,1.11241013892748
"TH Prkcd Grin2c Glut_4",0.00133444971024321,0.294410518306463,0.729342292548919,-4.83734593277649,1.00092539797098,0.00189053832486719,0.0369426283974921,0.097625219730166,-3.65251950738556,1.00131128028679,0.00934815596276815,0.0845235690335602,0.221238904100625,-4.54990694632657,1.00650068628359,-4.08118597497429,0.017842251300497,0.0203129503154998,0.0178347297644043,0.0203223522356156,0.0144186509729392,0.0212658516280548,0.0212508085558695,0.0187498532482169,1.13847462259059,0.877591804217841
"PVH-SO-PVa Avp Glut",-0.000982304643074867,0.295802131814195,0.729342292548919,-4.83974317971361,0.999319350053542,-0.00475487974601292,0.0375481614346792,0.097625219730166,-3.66483309502161,0.996709593800836,0.00121012764649302,0.0895227217243064,0.221238904100625,-4.55196778007112,1.0008391484545,-4.07698634712022,0.0176562125613101,0.018411538237183,0.0179168064974375,0.0180857958170238,0.018605370663868,0.0167070544587521,0.0172282423310069,0.0203836980808099,1.04277959801685,0.990656240881186
"RT-ZI Gnb3 Gaba_2",-0.00508061696780696,0.298873242210265,0.729342292548919,-4.84498319932404,0.996484578287872,0.0137534608694636,0.0416155025266667,0.102464993200589,-3.74253765187313,1.00957875805754,0.014014643137296,0.100602815646256,0.221238904100625,-4.55614079147053,1.00976154647223,-7.69822574213847,0.000520087409887897,0.000523187682065942,0.000411766566471935,0.000658588736335894,0.000194390312398904,0.00084578450737689,0.000629142820544967,0.000346595784600901,1.00596105985091,0.62522564349161
"STR D1-D2 Gaba",0.000588194461396071,0.305084495181936,0.729342292548919,-4.85537391901314,1.00040778845565,0.00845028616226162,0.0425623817910138,0.102464993200589,-3.75997294798908,1.00587447950422,0.000933941230922052,0.102454934427131,0.221238904100625,-4.55679103780364,1.00064756831291,-3.88674721432701,0.0257029677248545,0.0210658534159929,0.0254759907152017,0.0213495746780589,0.031744800978899,0.01966113447081,0.0192071804515043,0.0241636416901404,0.819588369774996,1.19327860621895
"PO-MEA Glut",-0.00443213683984784,0.314178218328765,0.729342292548919,-4.86999074968609,0.996932590987231,0.0131973408379163,0.0499187097775381,0.115356397118677,-3.8791256093599,1.00918966766945,-0.001943961641884,0.104551629319021,0.221238904100625,-4.5575124253488,0.998653455874019,-5.80090425058454,0.00625666676494897,0.00555605400797743,0.00640664544912509,0.00536858065275728,0.00769773556583577,0.00481559796406218,0.00511555533241442,0.0062902184672491,0.888021404480655,1.19335926262646
"TH Prkcd Grin2c Glut_6",0.00450250721933038,0.370476712076536,0.745751391409876,-4.95027301178622,1.00312577526374,0.0250420688704777,0.0514667002529484,0.115356397118677,-3.90239397535444,1.01750936216064,-0.0109341141593215,0.107297135588793,0.221238904100625,-4.55843438019253,0.99244969742397,-3.74777009818418,0.0257911331870683,0.0263433332055217,0.0245388906805564,0.0279086363386615,0.0220115787205321,0.0295706876536045,0.0270662026405808,0.0251385508137566,1.02141045972848,0.879257960968985
"Chat GABA",0.00368958013900293,0.37674253653197,0.745751391409876,-4.95816939514737,1.00256069506417,-0.00258730156297646,0.058233873484631,0.126173392550034,-3.99429030466175,0.998208226362797,-0.0072490768113205,0.108007564258796,0.221238904100625,-4.55866606232333,0.994987925420029,-5.40313913454079,0.00563133987566826,0.0047232754248726,0.00584846832732345,0.00445186486030362,0.00731123353237411,0.00395144621896241,0.00438570312227278,0.00528589592920562,0.838748065141796,1.31371200852772
"SI-MPO-LPO-ADP Lhx8 Gaba",-0.00457270452850067,0.378919241366377,0.745751391409876,-4.96086982227759,0.996835460492379,-0.0070815717506022,0.0604020376413505,0.126649433764122,-4.02136661971163,0.995103455857105,-0.00303412060792397,0.109216355264218,0.221238904100625,-4.55906423076911,0.99789911780391,-5.99154189978088,0.00264691486267285,0.00306969701612534,0.00308731986752593,0.00251919076005899,0.00263847158171497,0.00265535814363072,0.00353616815333688,0.00229224512077277,1.159726389169,1.2255204792247
"Lhx6 Gaba",0.00362974527072693,0.379832373905322,0.745751391409876,-4.96190604655883,1.00251911535296,-0.00684720065511557,0.0664951898904685,0.135068354465014,-4.09186387666897,0.995265127191304,0.0047336237953878,0.109582435102932,0.221238904100625,-4.55918304517837,1.00328648668161,-5.4638403934062,0.00953842353678279,0.0129357375912255,0.00807281486465189,0.0147677484313892,0.00291898206524534,0.0161578650083202,0.0132266476640584,0.0124508874698373,1.35617144084049,0.54665170538069
"GPi Tbr1 Cngb3 Gaba-Glut",-0.00102617087792104,0.396330412325039,0.745751391409876,-4.98162609752673,0.999288965454149,0.0122131371837951,0.0726426706608111,0.143084048271295,-4.15715619299591,1.00850143529077,-0.00141007626477076,0.112321289774164,0.221238904100625,-4.56005888691045,0.999023087103107,-5.99777398361872,0.00451791851621801,0.00694661336582766,0.00461110092896614,0.0068301353498925,0.00222223911771297,0.00681359791472304,0.00699996274021931,0.00685769774184159,1.53756942293035,0.67511120830698
"STR D1 Gaba",0.00147462050318692,0.397951053346704,0.745751391409876,-4.98358419900417,1.00102265159609,0.00571038456985986,0.0756271813241905,0.144266192884592,-4.18657468715916,1.00396598073412,0.00600925274012248,0.128379873586944,0.245432111269157,-4.56477313426995,1.00417398349894,-3.61709440025934,0.0299774196726726,0.0267534971874418,0.0296894725681746,0.0271134310680644,0.0342025627538034,0.0257522765915418,0.0251763823825457,0.0293820218622688,0.892454970426633,1.09500979398894
"TH Prkcd Grin2c Glut_5",0.00160331724243759,0.404822961126964,0.745751391409876,-4.99140800937758,1.00111195258751,0.00246807575437887,0.0797991341855354,0.144266192884592,-4.22529698076793,1.00171220390061,0.00296436096628426,0.149661432882594,0.271087060058583,-4.57013822463561,1.00205685086756,-5.34788041331533,0.00540397798779778,0.00644468478961713,0.00484030024685156,0.0071492819657999,0.00352986504718728,0.00727809092840828,0.00615073544651585,0.0069346003614526,1.19258161379807,0.67703306010396
"PF Fzd5 Glut",0.000460219276131706,0.414537357892042,0.745751391409876,-5.00214488537673,1.0003190505795,0.00581919797310041,0.0799012760591587,0.144266192884592,-4.22661323949177,1.00404170642246,0.00948676075989659,0.150140525570908,0.271087060058583,-4.57024921896235,1.00659738899698,-3.23539856828011,0.0398809469182049,0.0416080477659366,0.0408280289473695,0.0404241952294808,0.0376229344087412,0.0421389594276686,0.0440331234859978,0.0375662548991679,1.04330641524821,1.00998990123603
"SI-MA-LPO-LHA Skor1 Glut",-0.00251599837983789,0.42450463818716,0.745751391409876,-5.01270778799358,0.998257562626428,0.0159604054721775,0.0869410686504083,0.152734309791258,-4.28780383264668,1.01112433032976,0.0050359620906579,0.216852331422541,0.380956798445005,-4.58276893549872,1.00349676238336,-4.97415279686652,0.0124018277358928,0.0110507030966778,0.0132828260895571,0.00994945515459739,0.0171661373526088,0.00763751811917683,0.0093995148265055,0.013802683546965,0.89105439391771,1.33503049997863
"SNc-VTA-RAmb Foxa1 Dopa",0.000910971499128848,0.511154209238398,0.874342726328839,-5.09133743607863,1.00063163672471,-0.0075591089330724,0.0912716654165673,0.15612258558097,-4.32285439913901,0.994774127586385,0.0109828936057573,0.239244782636481,0.409234496615034,-4.58601248071448,1.00764181247986,-4.02787450234259,0.0202211657245022,0.0183574733186317,0.0204284108687581,0.0180984168883119,0.0230763580094322,0.0173659734395723,0.017780463728084,0.0193191559695446,0.907834571396038,1.12874020942411
"RT-ZI Gnb3 Gaba_1",-0.00370697753848292,0.530482380196498,0.884137300327497,-5.10587668025482,0.997433817261611,-0.000651394194977986,0.0955102110753765,0.159183685125627,-4.35546393459022,0.999548589866544,0.00394860100840017,0.253445529485338,0.422283910962943,-4.58789033605657,1.0027407105551,-5.25500594407969,0.010796482634165,0.0138279913866114,0.00954632685645126,0.0153906861087536,0.00429704779664888,0.0172959174716812,0.0147956059162536,0.0122153005038743,1.28078670203694,0.620266490330258
"DMH Gaba",0.00367372968153184,0.554559171491661,0.884853505790606,-5.122813290778,1.00254968029118,0.00946311784865182,0.102046687909997,0.165825867853744,-4.40245522497569,1.00658089299675,-0.00405680073660826,0.259867022131042,0.422283910962943,-4.58869887238152,0.99719198986368,-5.69081309272241,0.00357205859133861,0.00345723618229034,0.00355076803425137,0.00348384937864939,0.0036790469997118,0.00346507018296542,0.00342248906879094,0.00351514803812267,0.967855395953839,1.01920825165752
"PV-PT Ntrk1-Sp9 Glut",0.00195318252997234,0.558138365190997,0.884853505790606,-5.12520841260309,1.00135475982287,0.00341436830432207,0.113233976868158,0.175914728688124,-4.47663228072478,1.00236946251337,0.00126080959447987,0.269373782271711,0.422575561217125,-4.58985285802413,1.00087430860077,-3.31948270340937,0.0375308474109887,0.0384715323195017,0.0378166085060705,0.0381143309506494,0.0380756042805818,0.0369860905413956,0.0375576127315592,0.0399947316327391,1.02506431304926,0.992188700754988
"Trh Glut",0.00200281712806523,0.581933353969838,0.891887689312638,-5.14037264551972,1.00138921110649,0.00210884275091546,0.113667978536942,0.175914728688124,-4.47900738542157,1.00146280726736,-0.00146501448528959,0.273048824171065,0.422575561217125,-4.59028019130819,0.998985044755895,-6.85242272600693,0.00278492373711873,0.00151419347971099,0.00281924625406188,0.00147129033353206,0.00373019289955233,0.00183965457468513,0.00190829960857143,0.000857349931610267,0.543710931660043,1.91617262059613
"PH-LHA-MM Foxb1 Glut",-0.000363113022857951,0.590652648697126,0.891887689312638,-5.14564128468529,0.999748340903446,-0.00115101677895603,0.147929264153493,0.223614003952955,-4.66282850394813,0.999202494141863,-0.0116620392704842,0.326286623488493,0.49322396573842,-4.59585087045387,0.991949074068117,-6.24606206563342,0.0022516817803949,0.00315433899265838,0.00243284732055515,0.00292788206745807,0.00167617339091689,0.00282719016987292,0.00318952125019341,0.00309570189676666,1.40088134128135,0.830923945877131
"AD Serpinb7 Glut",0.00167081017400622,0.627648053759587,0.891887689312638,-5.1662971442356,1.00115878823823,0.00288213760177358,0.17781206451852,0.262676913493268,-4.78757665218697,1.0019997423758,-0.0102616526841579,0.357597455330681,0.528268968102142,-4.59860416093948,0.992912400719969,-6.70269729754508,0.00245141724104279,0.0035016862432165,0.00256456308096749,0.00336025394331063,0.00115776645955456,0.00374506802253102,0.00397135970238041,0.00271889714460998,1.4284333913418,0.763205139918918
"PO-COAa-PAA-MEA Barhl2 Glut",-0.00078412746745519,0.630520174379177,0.891887689312638,-5.16781912459545,0.999456631934659,0.000965333722464914,0.199044176764197,0.287508255326062,-4.86242529541092,1.00066934225765,0.00166843302652195,0.381341592743456,0.535980370757224,-4.60049430586906,1.00115713861717,-3.72789004778895,0.0311975120637149,0.0250377145351117,0.0312742284541079,0.0249418190471205,0.0373040806556125,0.0250909434718174,0.0252443762526033,0.0246932783392924,0.802554847449916,1.25388723232351
"TH Prkcd Grin2c Glut_8",-0.00249301150465015,0.648788981260397,0.891887689312638,-5.17696072089688,0.998273468278112,-0.00133365065869234,0.252580745256802,0.356907574819394,-5.01566091523712,0.999076010947096,0.00124483613238278,0.384904683903068,0.535980370757224,-4.60075892203091,1.00086322702159,-3.49164329036093,0.0292642380124742,0.0357152541919668,0.0290536534343753,0.0359784849145904,0.0219748906566115,0.036553585368337,0.0361324162121392,0.035019984158346,1.22044025806319,0.807528541108556
"TH Prkcd Grin2c Glut_7",0.00029983503935026,0.666077558821928,0.891887689312638,-5.18506448721778,1.00020785141027,0.00533477981087834,0.260760379198449,0.360019538843961,-5.0355993370162,1.00370463283616,0.0060393428630455,0.387555037316762,0.535980370757224,-4.600961295013,1.00419492765751,-4.11805772050684,0.0197190933424215,0.0179121350760152,0.0213603296216013,0.0158605897270404,0.0249611895099286,0.0144769971749143,0.017759469733274,0.0181665773139173,0.908365043208202,1.34675506959142
"ZI Pax6 Gaba",0.000343142053487427,0.668176994173914,0.891887689312638,-5.1860133419859,1.00023787623497,0.00069731589981623,0.265860582530925,0.360019538843961,-5.04764551194275,1.00048345937875,-0.00505377195491889,0.418102417456676,0.566180356972582,-4.60310871966163,0.996503120592012,-8.25346346595816,0.000184032261102944,0.00028929143762408,0.000117031931597935,0.000373041849505342,0,0.000368064522205888,0.00023406386319587,0.000381337395004431,1.57196045894506,0.313723330916144
"AHN-PVHd-PVR Mixed Gaba",0.00300864109134354,0.672346104251066,0.891887689312638,-5.18787536978995,1.00208760711358,-0.000368064522205888,0.294179395784063,0.389835298055098,-5.10950352560012,0.999744909655245,-0.0033654200832606,0.445770823807105,0.591328643825752,-4.60487335568283,0.997669987261466,-4.05424507577794,0.0222220196345793,0.0206651061195939,0.0236596170575922,0.0188681093408278,0.0269535785589052,0.0174904607102534,0.0203656555562792,0.0211641903917852,0.929938253111672,1.2539474215573
"Pitx2 Glut",0.00158823478755001,0.694504160429089,0.902855408557816,-5.19728521195999,1.00110148665638,0.000671689219185387,0.299873306196229,0.389835298055098,-5.12121860465578,1.00046568788744,0.00399286682624832,0.479166650536947,0.622916645698031,-4.60678894357744,1.00277147784642,-4.26008478306121,0.0144651504895855,0.0149371778502859,0.0144247651700151,0.0149876594997489,0.0139917107935418,0.0149385901856292,0.0148578195464885,0.0150694416899483,1.03263203939981,0.962442813052754
"TH Sema5b-Ntrk Glut",0.00219225203240719,0.723278266953741,0.911388583093471,-5.20832639633277,1.00152070842149,0.00248858291196869,0.317886336667079,0.404731823646135,-5.1560039160948,1.00172644281836,-0.00278714011901455,0.505832064862305,0.644687925804899,-4.60817157878281,0.998069966599095,-4.05226539416589,0.0174503298806163,0.0208096607493358,0.0170540840939759,0.0213049679826362,0.0142222455938486,0.0206784141673839,0.0198859225941032,0.0223492243413901,1.19250815839596,0.80047452349495
"STR-PAL Chst9 Gaba",-0.000383432859412909,0.729110866474777,0.911388583093471,-5.21040791777492,0.999734259909718,-0.00291799780249783,0.329250846019606,0.404731823646135,-5.17665486699837,0.997979442131289,-0.00616791980686764,0.544522047568293,0.680652559460367,-4.60996866959815,0.995733849759347,-3.26859051593907,0.0393612749410242,0.0381334770138436,0.0391130407326116,0.0384437697743594,0.0411008746198418,0.0376216752622067,0.0371252068453814,0.0398139272946139,0.968806957370656,1.01740908766701
"ZI Mixed Gaba",0.000268511726893748,0.759086308527893,0.930954906685152,-5.22030361132156,1.0001861354675,0.00191830158897797,0.330012102357618,0.404731823646135,-5.1778692094076,1.00133054973476,-0.000961348247278919,0.564683603439891,0.68391807375055,-4.61082072742937,0.999333866138601,-4.86023290933737,0.00900913788427881,0.0110026622610264,0.00886988307577032,0.011176730771662,0.00663169801127235,0.0113865777572853,0.0111080681402683,0.0108269857956233,1.22127804040233,0.793602642577685
"ADP-MPO Trp73 Glut",-0.00153360120999094,0.809803458678911,0.96471174673185,-5.23411520279603,0.998937553441616,-0.00451602501892739,0.355162775128,0.42751074783926,-5.22026233845067,0.996874624177917,-0.00083958864790603,0.568178092038918,0.68391807375055,-4.61095988999457,0.99941821080088,-5.73903549152231,0.00863274726395388,0.0104757560399622,0.0122469633541321,0.00595798592723938,0.011300137169393,0.00596535735851471,0.0131937895388712,0.00594570020844717,1.21349041268749,2.05555426006297
"Mixed Meis2 Gaba",-0.00190808038767454,0.827283977011183,0.96471174673185,-5.23807129997912,0.998678293683192,-0.000378237250749998,0.388152267421616,0.458725406952819,-5.27013010695624,0.999737860280682,0.000220790990397326,0.598128043695217,0.705681497641456,-4.61210819133426,1.00015305236381,-3.37094070067957,0.0449490768956532,0.0432644543675947,0.0467351530820958,0.0410318591345414,0.0574701113308921,0.0324280424604143,0.0360001948332996,0.0553715535914198,0.962521532267074,1.13899672273814
"Mixed",-0.00034349056695569,0.837588047615322,0.96471174673185,-5.24020954357515,0.999761938823026,0.00347919935763515,0.578472903018647,0.671441762432358,-5.46715982605689,1.00241450746491,-0.00352663264036609,0.615617801034993,0.705681497641456,-4.61272481740347,0.997558509825634,-6.2065875454212,0.00191416373337721,0.00264779437423704,0.00233958365045336,0.00211601947789184,0.0019328809118861,0.00189544655486832,0.00274628638902063,0.00248364101626439,1.38326430914322,1.10565317327998
"HY NSCs_1",-0.00055959196166194,0.859723681573927,0.96471174673185,-5.2443321348725,0.999612195625073,0.00189831620511591,0.59076226805254,0.673676270586229,-5.47600430523997,1.0013166785865,-0.000306635786078106,0.618828390239431,0.705681497641456,-4.61283217496172,0.99978747885524,-6.66855302091003,0.002063868720724,0.00161204343621355,0.00198559936605538,0.00170988012954933,0.00254653558195646,0.00158120185949154,0.0014246631501543,0.00192434391297897,0.781078476565142,1.16125062321107
"AV Col27a1 Glut",7.10929524907474e-05,0.876519953323144,0.96471174673185,-5.24704851624866,1.00004927909375,-0.000988055978196958,0.706117168876347,0.767332241769874,-5.54250009627793,0.999315366253184,0.00191330951954571,0.629866843626367,0.70588525578817,-4.61320000254156,1.00132708489788,-4.48651123559507,0.011745658389379,0.0107807506430984,0.0111507389067597,0.0115243999963727,0.0118231294601056,0.0116681873186525,0.0104783483534137,0.0112847544592396,0.917849837421365,0.967576525482399
"SCsg Gabrr2 Gaba",5.00778551572517e-05,0.895867800640375,0.96471174673185,-5.2497301916474,1.00003471192656,-0.000946879392087412,0.716413489969502,0.767332241769874,-5.54713060093819,0.999343888554353,0.000225211015738458,0.673488580197743,0.741978944285649,-4.61451173002789,1.00015611656551,-5.39432316221456,0.013859684363867,0.0127338928294918,0.0188104115878357,0.00654548379953091,0.0204583547828251,0.00726101394490886,0.0171624683928463,0.00535293355723432,0.918772209754632,2.87380003739125
"PO-MEA-BST Mixed Gaba",0.000130851504319085,0.90233666650138,0.96471174673185,-5.25052553265804,1.0000907034646,0.000213976816746379,0.717006101625002,0.767332241769874,-5.54739115729816,1.00014832842681,0.000735257248627578,0.820843620045152,0.889247255048914,-4.61754763962715,1.00050977137816,-5.84271056589215,0.00345463716993518,0.0026428524088259,0.00308943119590562,0.00309935987636284,0.00380329511984329,0.00310597922002706,0.00237556727196795,0.00308832763692248,0.765015913053321,0.996796538364924
"LHA Pmch Glut",-0.000397665132525042,0.90534487000989,0.96471174673185,-5.25087671319038,0.999724397519926,0.000226844378311667,0.720111796122497,0.767332241769874,-5.54874614262659,1.00015724890357,0.000240285948598973,0.841882328348612,0.897087726928849,-4.61782442158387,1.00016656739861,-2.98208491333717,0.0474000391434394,0.0518776667515676,0.047673042093436,0.0515364130640718,0.0438592532681383,0.0509408250187405,0.0514868309187338,0.0525290598062905,1.09446463946112,0.925036091164656
"PVH-SO-PVa Agtr1a Glut",1.32728727985436e-05,0.93136055888077,0.974378535314859,-5.25344804474733,1.00000920009668,0.00108951373918618,0.741295796319354,0.777164947754161,-5.55752453475135,1.00075547860681,-0.000119965518559975,0.921680812292333,0.96627827095164,-4.61855064995906,0.999916849696224,-6.74007655163998,0.00370942844135782,0.00499039728692804,0.0029661592583953,0.00591948376563119,0.00225042954010891,0.00516842734260673,0.00368188897668169,0.00717124447067197,1.34532782228341,0.50108411068157
"Lhx6-Lhx8 Gaba",-1.76515831045793e-05,0.94439765730517,0.974378535314859,-5.25442612674708,0.999987764929788,0.000154942141453047,0.88019142892235,0.908134013967504,-5.59658133721273,1.00010740347584,-0.0013878060023043,0.946069096135499,0.976103035695356,-4.61867341237844,0.99903850871159,-6.79836010218364,0.00304363982836795,0.00245378404381757,0.00379422374271575,0.00151555415088282,0.00427767770555739,0.00180960195117852,0.00331076977987412,0.00102547448372333,0.806200530347682,2.50352238519856
"TH Prkcd Grin2c Glut_1",4.40998271185405e-05,0.972250351517035,0.987441763259489,-5.25582529292145,1.00003056813803,3.74343570177797e-05,0.93252462485571,0.94709532211908,-5.6036223040384,1.00002594785566,-0.000571357691492451,0.962079948756484,0.977112447955804,-4.61872925418321,0.999604043438549,-3.66467052030834,0.0323841981653627,0.0295878939822887,0.0321958860188747,0.0298232841653988,0.0403644009014515,0.024403995429274,0.0240273711362979,0.0388554320589401,0.913652202571288,1.07955535146021
"RE-Xi Nox4 Glut",-1.96571500675427e-05,0.997353605259699,0.997353605259699,-5.25628422446222,0.999986374794677,-1.68865619157556e-05,0.961717995283145,0.961717995283145,-5.60582530298197,0.999988295195721,-0.000182780458228079,0.985125715702091,0.985125715702091,-4.61877539161059,0.999873314266033,-6.38623232121005,0.00189484305662149,0.00207241999052802,0.00179565919164163,0.00219639982175284,0.00170572443124649,0.00208396168199649,0.00188559395203678,0.00238379672134675,1.09371590606725,0.817546593228462
